Brand,Nama_HP,Harga,RAM,Storage,Layar,Kamera,Baterai,OS,Tahun
apple,Apple Max 11,18727456.0,4.0,512.0,6.1,108.0,5000.0,ios,2020.0
apple,Apple Max 14,6526745.0,16.0,128.0,6.8,108.0,4000.0,ios,2024.0
apple,Apple Max 16,13673821.0,16.0,256.0,6.1,12.0,4000.0,ios,2024.0
apple,Apple Max 16,14212345.0,4.0,256.0,6.5,12.0,4500.0,ios,2019.0
apple,Apple Max 16,2295326.0,12.0,64.0,6.8,108.0,6000.0,ios,2023.0
apple,Apple Max 18,10540534.0,6.0,256.0,6.8,48.0,4000.0,ios,2023.0
apple,Apple Max 20,22889361.0,16.0,256.0,5.5,64.0,4000.0,ios,2022.0
apple,Apple Max 22,5677986.0,12.0,256.0,6.1,12.0,4500.0,ios,2020.0
apple,Apple Max 22,5102004.0,12.0,512.0,6.7,108.0,6000.0,ios,2020.0
apple,Apple Max 22,13155180.0,4.0,256.0,6.7,50.0,4000.0,ios,2021.0
apple,Apple Max 24,2427121.0,12.0,128.0,6.1,108.0,4500.0,ios,2020.0
apple,Apple Max 25,5585970.0,8.0,512.0,6.7,48.0,6000.0,ios,2022.0
apple,Apple Max 26,15409424.0,6.0,256.0,6.8,12.0,4000.0,ios,2020.0
apple,Apple Max 26,8469482.0,16.0,256.0,5.5,50.0,4500.0,ios,2020.0
apple,Apple Max 26,4084823.0,8.0,512.0,6.5,64.0,4000.0,ios,2020.0
apple,Apple Max 27,14366350.0,16.0,64.0,6.1,48.0,4000.0,ios,2021.0
apple,Apple Max 28,1825074.0,6.0,64.0,6.1,108.0,6000.0,ios,2022.0
apple,Apple Max 28,8449640.0,6.0,128.0,5.5,12.0,4000.0,ios,2023.0
apple,Apple Max 29,3402718.0,4.0,128.0,6.7,12.0,6000.0,ios,2019.0
apple,Apple Max 30,10411362.0,6.0,256.0,5.5,48.0,4000.0,ios,2019.0
apple,Apple Max 5,15442469.0,16.0,256.0,5.5,64.0,4000.0,ios,2020.0
apple,Apple Max 5,17123941.0,16.0,128.0,6.4,50.0,4000.0,ios,2019.0
apple,Apple Max 5,20254986.0,6.0,128.0,6.1,50.0,4500.0,ios,2021.0
apple,Apple Max 5,9280860.0,6.0,256.0,6.8,50.0,4500.0,ios,2023.0
apple,Apple Max 5,9555500.0,12.0,256.0,6.8,48.0,6000.0,ios,2019.0
apple,Apple Max 9,12141033.0,6.0,256.0,6.5,50.0,4000.0,ios,2022.0
apple,Apple Max 9,5883702.0,12.0,512.0,6.5,48.0,4000.0,ios,2023.0
apple,Apple Note 10,20053217.0,4.0,128.0,5.5,12.0,6000.0,ios,2019.0
apple,Apple Note 11,21383588.0,6.0,256.0,6.8,12.0,5000.0,ios,2023.0
apple,Apple Note 12,10016953.0,12.0,512.0,6.5,48.0,6000.0,ios,2019.0
apple,Apple Note 12,11403512.0,4.0,128.0,6.7,50.0,4500.0,ios,2021.0
apple,Apple Note 13,2227853.0,8.0,512.0,6.7,108.0,4500.0,ios,2020.0
apple,Apple Note 17,21438073.0,12.0,64.0,6.1,64.0,6000.0,ios,2020.0
apple,Apple Note 17,3170962.0,16.0,512.0,6.5,12.0,4000.0,ios,2024.0
apple,Apple Note 17,18937176.0,12.0,512.0,6.7,64.0,6000.0,ios,2023.0
apple,Apple Note 18,7876796.0,16.0,512.0,6.8,12.0,5000.0,ios,2020.0
apple,Apple Note 19,20594805.0,12.0,64.0,6.4,108.0,4000.0,ios,2024.0
apple,Apple Note 21,15024026.0,16.0,128.0,6.7,64.0,5000.0,ios,2023.0
apple,Apple Note 21,19425846.0,6.0,64.0,6.4,48.0,4500.0,ios,2022.0
apple,Apple Note 23,24700285.0,6.0,64.0,6.8,12.0,4500.0,ios,2021.0
apple,Apple Note 23,24469837.0,8.0,64.0,6.1,50.0,4500.0,ios,2022.0
apple,Apple Note 27,16924171.0,16.0,128.0,6.1,108.0,4000.0,ios,2019.0
apple,Apple Note 30,9539529.0,16.0,512.0,6.5,12.0,6000.0,ios,2021.0
apple,Apple Note 30,13864284.0,4.0,512.0,6.8,108.0,4500.0,ios,2021.0
apple,Apple Note 5,8106752.0,16.0,256.0,6.5,50.0,4000.0,ios,2021.0
apple,Apple Note 6,7653125.0,4.0,128.0,6.5,108.0,5000.0,ios,2023.0
apple,Apple Note 9,23125022.0,16.0,64.0,6.5,108.0,4000.0,ios,2021.0
apple,Apple Pro 10,6667904.0,4.0,128.0,6.5,48.0,4000.0,ios,2024.0
apple,Apple Pro 11,10444980.0,4.0,64.0,6.8,48.0,4500.0,ios,2022.0
apple,Apple Pro 15,3112708.0,4.0,256.0,6.1,64.0,6000.0,ios,2019.0
apple,Apple Pro 16,4620844.0,4.0,512.0,6.7,48.0,4000.0,ios,2022.0
apple,Apple Pro 16,23054554.0,8.0,512.0,6.1,12.0,5000.0,ios,2020.0
apple,Apple Pro 18,8625080.0,12.0,256.0,6.4,108.0,6000.0,ios,2023.0
apple,Apple Pro 20,22908533.0,6.0,256.0,6.1,108.0,6000.0,ios,2021.0
apple,Apple Pro 21,8139005.0,6.0,512.0,5.5,64.0,5000.0,ios,2023.0
apple,Apple Pro 23,4023723.0,4.0,64.0,6.8,108.0,6000.0,ios,2021.0
apple,Apple Pro 23,21233299.0,12.0,128.0,6.4,108.0,4000.0,ios,2020.0
apple,Apple Pro 23,24970582.0,12.0,256.0,6.7,108.0,4000.0,ios,2019.0
apple,Apple Pro 24,4981548.0,4.0,256.0,6.4,50.0,4000.0,ios,2023.0
apple,Apple Pro 26,23786395.0,6.0,512.0,6.7,64.0,4000.0,ios,2019.0
apple,Apple Pro 26,7115864.0,4.0,512.0,6.5,48.0,6000.0,ios,2021.0
apple,Apple Pro 26,15426385.0,4.0,512.0,6.4,108.0,6000.0,ios,2019.0
apple,Apple Pro 26,12127511.0,12.0,512.0,6.4,12.0,6000.0,ios,2019.0
apple,Apple Pro 28,16091014.0,12.0,256.0,6.8,108.0,5000.0,ios,2023.0
apple,Apple Pro 29,20266284.0,12.0,128.0,6.8,108.0,6000.0,ios,2019.0
apple,Apple Pro 29,6096770.0,6.0,512.0,6.5,64.0,4000.0,ios,2022.0
apple,Apple Pro 30,11798468.0,6.0,512.0,6.5,50.0,6000.0,ios,2024.0
apple,Apple Pro 6,23381908.0,8.0,256.0,6.4,48.0,4000.0,ios,2020.0
apple,Apple Pro 7,10794912.0,6.0,128.0,5.5,108.0,6000.0,ios,2020.0
apple,Apple Ultra 10,14193353.0,16.0,512.0,6.8,48.0,4000.0,ios,2021.0
apple,Apple Ultra 10,13824991.0,12.0,256.0,6.4,12.0,5000.0,ios,2022.0
apple,Apple Ultra 11,6943201.0,8.0,128.0,6.1,64.0,6000.0,ios,2022.0
apple,Apple Ultra 12,1640837.0,8.0,256.0,6.1,108.0,5000.0,ios,2021.0
apple,Apple Ultra 12,3955206.0,6.0,64.0,6.1,108.0,5000.0,ios,2023.0
apple,Apple Ultra 13,11449582.0,4.0,64.0,6.7,12.0,5000.0,ios,2022.0
apple,Apple Ultra 14,12717545.0,4.0,64.0,6.1,64.0,6000.0,ios,2019.0
apple,Apple Ultra 14,20525361.0,16.0,256.0,5.5,48.0,6000.0,ios,2022.0
apple,Apple Ultra 17,5641772.0,6.0,64.0,6.7,48.0,6000.0,ios,2020.0
apple,Apple Ultra 17,3195589.0,12.0,64.0,6.7,108.0,4500.0,ios,2019.0
apple,Apple Ultra 18,17844033.0,6.0,64.0,6.8,12.0,5000.0,ios,2023.0
apple,Apple Ultra 18,14163933.0,4.0,128.0,6.1,108.0,5000.0,ios,2024.0
apple,Apple Ultra 18,7495284.0,12.0,256.0,6.1,108.0,4500.0,ios,2019.0
apple,Apple Ultra 19,18328430.0,6.0,64.0,5.5,108.0,6000.0,ios,2024.0
apple,Apple Ultra 19,16876410.0,12.0,512.0,6.5,12.0,4000.0,ios,2023.0
apple,Apple Ultra 19,6072521.0,8.0,64.0,6.5,48.0,5000.0,ios,2024.0
apple,Apple Ultra 20,4937180.0,4.0,64.0,6.5,48.0,4000.0,ios,2020.0
apple,Apple Ultra 25,10282576.0,6.0,512.0,6.8,48.0,4500.0,ios,2022.0
apple,Apple Ultra 25,23567108.0,12.0,512.0,5.5,108.0,4500.0,ios,2019.0
apple,Apple Ultra 25,18749053.0,12.0,256.0,5.5,108.0,6000.0,ios,2019.0
apple,Apple Ultra 27,8204432.0,16.0,512.0,6.7,12.0,5000.0,ios,2020.0
apple,Apple Ultra 27,6860716.0,16.0,256.0,6.1,108.0,4500.0,ios,2024.0
apple,Apple Ultra 28,21198658.0,8.0,64.0,6.4,12.0,4500.0,ios,2019.0
apple,Apple Ultra 6,2908243.0,12.0,256.0,5.5,12.0,4000.0,ios,2024.0
apple,Apple Ultra 8,19208177.0,4.0,512.0,6.8,64.0,6000.0,ios,2024.0
apple,Apple Ultra 9,19607857.0,8.0,256.0,5.5,64.0,5000.0,ios,2020.0
asus,Asus Max 10,8958779.0,6.0,256.0,5.5,50.0,5000.0,android,2020.0
asus,Asus Max 10,3889741.0,12.0,512.0,6.1,48.0,5000.0,android,2022.0
asus,Asus Max 13,19945806.0,8.0,256.0,6.4,108.0,4000.0,android,2023.0
asus,Asus Max 13,8002176.0,6.0,128.0,6.7,108.0,4000.0,android,2019.0
asus,Asus Max 14,24416327.0,8.0,128.0,6.4,108.0,4500.0,android,2021.0
asus,Asus Max 14,20561462.0,12.0,512.0,6.5,64.0,4000.0,android,2024.0
asus,Asus Max 14,7832381.0,12.0,512.0,6.4,108.0,5000.0,android,2023.0
asus,Asus Max 15,11140337.0,16.0,512.0,6.5,12.0,4000.0,android,2022.0
asus,Asus Max 17,7322020.0,16.0,256.0,6.7,108.0,4500.0,android,2022.0
asus,Asus Max 17,8868509.0,4.0,512.0,6.4,48.0,4500.0,android,2023.0
asus,Asus Max 18,6433219.0,4.0,512.0,6.7,50.0,4000.0,android,2023.0
asus,Asus Max 20,24582307.0,6.0,128.0,6.5,12.0,4500.0,android,2020.0
asus,Asus Max 21,16332991.0,8.0,512.0,5.5,64.0,6000.0,android,2023.0
asus,Asus Max 23,18395227.0,4.0,128.0,6.4,12.0,5000.0,android,2020.0
asus,Asus Max 23,15531434.0,4.0,512.0,6.8,50.0,5000.0,android,2020.0
asus,Asus Max 24,6967591.0,16.0,512.0,6.1,108.0,6000.0,android,2020.0
asus,Asus Max 26,17959493.0,4.0,256.0,6.4,50.0,5000.0,android,2022.0
asus,Asus Max 28,17543754.0,12.0,64.0,6.4,12.0,4000.0,android,2020.0
asus,Asus Max 29,10698492.0,16.0,512.0,6.7,50.0,5000.0,android,2024.0
asus,Asus Max 29,4333907.0,12.0,64.0,6.5,50.0,5000.0,android,2023.0
asus,Asus Max 30,17589896.0,6.0,64.0,6.7,48.0,4500.0,android,2024.0
asus,Asus Max 30,7866160.0,8.0,512.0,6.4,12.0,4500.0,android,2020.0
asus,Asus Max 5,19179698.0,12.0,256.0,6.4,50.0,5000.0,android,2024.0
asus,Asus Max 6,14180257.0,8.0,256.0,6.4,50.0,4500.0,android,2019.0
asus,Asus Max 7,16258773.0,4.0,64.0,6.1,12.0,6000.0,android,2024.0
asus,Asus Max 8,10383320.0,16.0,256.0,6.8,50.0,5000.0,android,2020.0
asus,Asus Max 8,6152007.0,8.0,64.0,6.8,48.0,6000.0,android,2023.0
asus,Asus Max 9,22902608.0,16.0,256.0,6.1,64.0,4000.0,android,2021.0
asus,Asus Max 9,20334530.0,6.0,512.0,6.4,50.0,5000.0,android,2019.0
asus,Asus Max 9,4438166.0,12.0,128.0,5.5,12.0,6000.0,android,2023.0
asus,Asus Max 9,8838953.0,16.0,128.0,6.4,48.0,4500.0,android,2020.0
asus,Asus Note 11,22055924.0,6.0,64.0,6.1,108.0,4500.0,android,2022.0
asus,Asus Note 12,7273202.0,4.0,64.0,6.1,50.0,4000.0,android,2023.0
asus,Asus Note 12,4655928.0,16.0,128.0,6.5,12.0,4500.0,android,2023.0
asus,Asus Note 13,23768423.0,8.0,64.0,5.5,50.0,4000.0,android,2020.0
asus,Asus Note 14,13563255.0,8.0,256.0,6.1,64.0,4500.0,android,2022.0
asus,Asus Note 14,11846718.0,6.0,128.0,6.4,64.0,4000.0,android,2020.0
asus,Asus Note 15,8042556.0,16.0,256.0,6.1,108.0,4000.0,android,2022.0
asus,Asus Note 16,2387778.0,4.0,256.0,6.1,50.0,4500.0,android,2020.0
asus,Asus Note 16,17504991.0,4.0,64.0,5.5,50.0,5000.0,android,2019.0
asus,Asus Note 17,13228493.0,16.0,64.0,5.5,12.0,4000.0,android,2023.0
asus,Asus Note 18,19703490.0,16.0,64.0,6.8,12.0,4500.0,android,2020.0
asus,Asus Note 19,21723060.0,6.0,128.0,6.8,64.0,6000.0,android,2021.0
asus,Asus Note 19,7128044.0,12.0,64.0,5.5,108.0,6000.0,android,2020.0
asus,Asus Note 21,16614117.0,6.0,256.0,6.1,50.0,4500.0,android,2022.0
asus,Asus Note 23,13093582.0,16.0,256.0,6.5,12.0,4000.0,android,2023.0
asus,Asus Note 23,6674769.0,12.0,128.0,6.5,108.0,5000.0,android,2022.0
asus,Asus Note 24,10813650.0,12.0,128.0,6.4,12.0,5000.0,android,2021.0
asus,Asus Note 25,12357707.0,8.0,256.0,6.7,48.0,4000.0,android,2020.0
asus,Asus Note 27,7344103.0,8.0,256.0,6.1,50.0,5000.0,android,2019.0
asus,Asus Note 28,11213849.0,16.0,512.0,5.5,64.0,4500.0,android,2020.0
asus,Asus Note 30,18481957.0,12.0,512.0,6.5,108.0,5000.0,android,2021.0
asus,Asus Note 6,15160268.0,8.0,64.0,6.7,12.0,5000.0,android,2019.0
asus,Asus Note 6,15515142.0,8.0,512.0,6.8,50.0,4500.0,android,2021.0
asus,Asus Note 7,17642366.0,6.0,512.0,6.8,108.0,5000.0,android,2022.0
asus,Asus Note 9,10226485.0,8.0,256.0,5.5,108.0,5000.0,android,2019.0
asus,Asus Pro 10,8909174.0,12.0,64.0,6.5,48.0,5000.0,android,2021.0
asus,Asus Pro 10,11180445.0,6.0,128.0,5.5,48.0,4000.0,android,2020.0
asus,Asus Pro 11,17343299.0,4.0,128.0,6.7,64.0,4000.0,android,2019.0
asus,Asus Pro 12,2191706.0,6.0,64.0,6.1,64.0,4500.0,android,2020.0
asus,Asus Pro 13,15527658.0,4.0,64.0,6.1,48.0,4500.0,android,2021.0
asus,Asus Pro 16,14809339.0,12.0,256.0,6.4,12.0,6000.0,android,2023.0
asus,Asus Pro 17,2655950.0,12.0,256.0,6.7,12.0,6000.0,android,2023.0
asus,Asus Pro 18,21469645.0,4.0,512.0,6.5,108.0,6000.0,android,2023.0
asus,Asus Pro 18,14964658.0,12.0,512.0,6.1,48.0,5000.0,android,2021.0
asus,Asus Pro 18,6413894.0,8.0,512.0,6.4,108.0,5000.0,android,2023.0
asus,Asus Pro 19,9894258.0,16.0,64.0,5.5,64.0,6000.0,android,2022.0
asus,Asus Pro 19,19300084.0,16.0,64.0,6.1,12.0,6000.0,android,2020.0
asus,Asus Pro 19,10332412.0,12.0,256.0,6.1,50.0,4500.0,android,2020.0
asus,Asus Pro 19,24424506.0,6.0,256.0,6.8,50.0,6000.0,android,2019.0
asus,Asus Pro 19,6296609.0,4.0,64.0,6.1,108.0,4000.0,android,2024.0
asus,Asus Pro 21,12660513.0,6.0,64.0,5.5,64.0,4500.0,android,2021.0
asus,Asus Pro 22,20573424.0,8.0,128.0,6.1,50.0,4500.0,android,2019.0
asus,Asus Pro 22,16569886.0,6.0,512.0,6.1,64.0,5000.0,android,2023.0
asus,Asus Pro 23,11669763.0,12.0,64.0,6.7,48.0,6000.0,android,2023.0
asus,Asus Pro 24,14716471.0,16.0,128.0,6.8,12.0,4000.0,android,2023.0
asus,Asus Pro 25,2613823.0,8.0,256.0,6.1,108.0,5000.0,android,2021.0
asus,Asus Pro 25,9298992.0,8.0,128.0,6.4,108.0,5000.0,android,2021.0
asus,Asus Pro 27,16955640.0,8.0,512.0,6.1,48.0,4000.0,android,2024.0
asus,Asus Pro 30,3597207.0,6.0,256.0,6.1,12.0,4000.0,android,2023.0
asus,Asus Pro 30,22662403.0,12.0,256.0,6.7,50.0,4500.0,android,2024.0
asus,Asus Pro 5,12877788.0,8.0,256.0,6.7,108.0,4500.0,android,2022.0
asus,Asus Pro 5,4156483.0,6.0,256.0,6.4,48.0,4500.0,android,2023.0
asus,Asus Pro 6,22621182.0,8.0,512.0,6.8,50.0,4000.0,android,2019.0
asus,Asus Pro 6,3822569.0,8.0,128.0,5.5,50.0,6000.0,android,2021.0
asus,Asus Pro 7,9436982.0,4.0,256.0,6.4,64.0,5000.0,android,2020.0
asus,Asus Pro 8,22902837.0,6.0,256.0,6.1,50.0,4000.0,android,2022.0
asus,Asus Pro 9,1916622.0,12.0,256.0,6.8,50.0,4500.0,android,2022.0
asus,Asus Ultra 11,23911297.0,12.0,128.0,5.5,48.0,4500.0,android,2021.0
asus,Asus Ultra 11,18559606.0,4.0,512.0,6.1,108.0,4000.0,android,2021.0
asus,Asus Ultra 12,16498244.0,16.0,64.0,5.5,50.0,4000.0,android,2023.0
asus,Asus Ultra 12,18444839.0,4.0,512.0,6.4,64.0,4000.0,android,2023.0
asus,Asus Ultra 14,11840477.0,4.0,64.0,6.8,12.0,6000.0,android,2023.0
asus,Asus Ultra 15,9837235.0,16.0,256.0,6.8,108.0,6000.0,android,2022.0
asus,Asus Ultra 15,16493217.0,6.0,256.0,6.1,64.0,4500.0,android,2019.0
asus,Asus Ultra 16,4320043.0,4.0,512.0,6.8,12.0,4000.0,android,2020.0
asus,Asus Ultra 16,14889490.0,4.0,256.0,6.5,12.0,6000.0,android,2021.0
asus,Asus Ultra 16,3844843.0,4.0,256.0,6.7,108.0,5000.0,android,2021.0
asus,Asus Ultra 17,13673909.0,8.0,128.0,6.1,64.0,4000.0,android,2019.0
asus,Asus Ultra 17,2308865.0,16.0,128.0,5.5,108.0,4000.0,android,2024.0
asus,Asus Ultra 18,10306152.0,6.0,64.0,6.7,108.0,4000.0,android,2020.0
asus,Asus Ultra 19,3615265.0,8.0,256.0,5.5,64.0,5000.0,android,2021.0
asus,Asus Ultra 19,15792442.0,12.0,256.0,6.1,12.0,4000.0,android,2019.0
asus,Asus Ultra 20,5657669.0,12.0,256.0,6.1,64.0,4000.0,android,2020.0
asus,Asus Ultra 23,19774766.0,6.0,128.0,6.7,48.0,4000.0,android,2024.0
asus,Asus Ultra 25,24196492.0,8.0,128.0,6.4,50.0,5000.0,android,2022.0
asus,Asus Ultra 26,2757041.0,16.0,512.0,6.5,50.0,5000.0,android,2022.0
asus,Asus Ultra 27,15530082.0,16.0,256.0,6.1,108.0,4000.0,android,2022.0
asus,Asus Ultra 28,13922313.0,4.0,256.0,6.7,108.0,5000.0,android,2019.0
asus,Asus Ultra 28,21095525.0,12.0,64.0,6.1,108.0,5000.0,android,2021.0
asus,Asus Ultra 29,11572748.0,6.0,128.0,6.4,12.0,4000.0,android,2020.0
asus,Asus Ultra 30,5323457.0,6.0,256.0,6.5,108.0,5000.0,android,2020.0
asus,Asus Ultra 6,14913761.0,4.0,128.0,6.8,108.0,6000.0,android,2021.0
asus,Asus Ultra 7,16742071.0,16.0,256.0,6.7,50.0,4500.0,android,2019.0
asus,Asus Ultra 7,2978905.0,16.0,256.0,6.4,108.0,4500.0,android,2022.0
asus,Asus Ultra 7,12949223.0,6.0,128.0,6.7,12.0,6000.0,android,2020.0
asus,Asus Ultra 8,9950866.0,12.0,256.0,6.4,12.0,5000.0,android,2023.0
asus,Asus Ultra 9,10129005.0,12.0,256.0,6.4,48.0,4500.0,android,2022.0
huawei,Huawei Max 10,14677856.0,8.0,128.0,6.1,48.0,4000.0,android,2023.0
huawei,Huawei Max 13,6737009.0,12.0,128.0,5.5,108.0,4000.0,android,2024.0
huawei,Huawei Max 13,8398506.0,12.0,64.0,6.4,48.0,4000.0,android,2020.0
huawei,Huawei Max 14,7550312.0,16.0,128.0,6.8,50.0,4500.0,android,2023.0
huawei,Huawei Max 14,12940396.0,12.0,256.0,6.1,48.0,4000.0,android,2020.0
huawei,Huawei Max 15,5023372.0,6.0,512.0,6.1,50.0,5000.0,android,2021.0
huawei,Huawei Max 15,18325530.0,4.0,256.0,6.5,50.0,4000.0,android,2021.0
huawei,Huawei Max 16,8163221.0,4.0,256.0,6.7,64.0,6000.0,android,2023.0
huawei,Huawei Max 17,11114640.0,16.0,512.0,6.8,48.0,5000.0,android,2020.0
huawei,Huawei Max 18,6301481.0,8.0,256.0,6.1,50.0,5000.0,android,2023.0
huawei,Huawei Max 19,8127814.0,16.0,256.0,6.1,50.0,6000.0,android,2019.0
huawei,Huawei Max 20,10777097.0,4.0,512.0,5.5,108.0,4500.0,android,2023.0
huawei,Huawei Max 23,10368952.0,4.0,64.0,6.1,108.0,4500.0,android,2020.0
huawei,Huawei Max 24,3352934.0,4.0,128.0,5.5,12.0,6000.0,android,2019.0
huawei,Huawei Max 24,19250657.0,4.0,128.0,6.8,64.0,4500.0,android,2020.0
huawei,Huawei Max 25,5716377.0,12.0,512.0,6.5,12.0,5000.0,android,2023.0
huawei,Huawei Max 25,19022486.0,8.0,512.0,5.5,48.0,4500.0,android,2023.0
huawei,Huawei Max 26,8428596.0,12.0,64.0,6.1,108.0,4000.0,android,2024.0
huawei,Huawei Max 27,21976797.0,4.0,64.0,6.7,64.0,6000.0,android,2023.0
huawei,Huawei Max 27,16040201.0,8.0,128.0,6.7,64.0,5000.0,android,2019.0
huawei,Huawei Max 29,23834216.0,4.0,128.0,6.8,64.0,6000.0,android,2019.0
huawei,Huawei Max 30,4640930.0,6.0,64.0,6.4,48.0,6000.0,android,2020.0
huawei,Huawei Max 5,19533545.0,16.0,512.0,6.8,48.0,4500.0,android,2023.0
huawei,Huawei Max 5,14935101.0,8.0,512.0,6.7,64.0,6000.0,android,2022.0
huawei,Huawei Max 5,24023664.0,4.0,512.0,6.5,108.0,4000.0,android,2021.0
huawei,Huawei Max 6,4136130.0,8.0,512.0,6.8,108.0,4000.0,android,2024.0
huawei,Huawei Max 6,12924483.0,12.0,256.0,6.4,50.0,4500.0,android,2019.0
huawei,Huawei Max 7,5892151.0,8.0,128.0,6.1,64.0,6000.0,android,2019.0
huawei,Huawei Max 8,23542315.0,4.0,512.0,6.8,48.0,4000.0,android,2023.0
huawei,Huawei Max 9,17697430.0,6.0,128.0,6.1,12.0,4500.0,android,2023.0
huawei,Huawei Note 20,8102610.0,4.0,64.0,6.8,108.0,5000.0,android,2019.0
huawei,Huawei Note 20,23465181.0,4.0,512.0,6.5,50.0,4500.0,android,2021.0
huawei,Huawei Note 22,9153014.0,4.0,256.0,6.4,50.0,5000.0,android,2020.0
huawei,Huawei Note 24,17007389.0,8.0,64.0,6.1,64.0,5000.0,android,2022.0
huawei,Huawei Note 24,11222637.0,6.0,64.0,6.4,50.0,4000.0,android,2023.0
huawei,Huawei Note 24,11670588.0,4.0,64.0,5.5,64.0,4500.0,android,2021.0
huawei,Huawei Note 25,5633706.0,8.0,64.0,6.1,108.0,4000.0,android,2019.0
huawei,Huawei Note 26,10663808.0,8.0,512.0,6.1,50.0,5000.0,android,2019.0
huawei,Huawei Note 26,9695857.0,12.0,64.0,6.4,108.0,4500.0,android,2020.0
huawei,Huawei Note 30,9550982.0,12.0,512.0,6.1,64.0,6000.0,android,2019.0
huawei,Huawei Note 6,13416884.0,8.0,512.0,6.8,12.0,5000.0,android,2019.0
huawei,Huawei Note 6,8413470.0,8.0,128.0,6.4,50.0,4000.0,android,2021.0
huawei,Huawei Note 7,24605267.0,12.0,512.0,6.7,48.0,4000.0,android,2020.0
huawei,Huawei Note 7,13281586.0,4.0,64.0,6.7,64.0,5000.0,android,2019.0
huawei,Huawei Note 7,11475670.0,12.0,64.0,6.8,12.0,5000.0,android,2019.0
huawei,Huawei Note 7,17990750.0,12.0,128.0,6.1,12.0,5000.0,android,2022.0
huawei,Huawei Note 7,16259933.0,8.0,128.0,5.5,108.0,4000.0,android,2024.0
huawei,Huawei Note 8,15897943.0,8.0,64.0,6.1,48.0,5000.0,android,2019.0
huawei,Huawei Pro 10,18842212.0,16.0,512.0,6.4,108.0,4500.0,android,2020.0
huawei,Huawei Pro 11,16078461.0,8.0,64.0,5.5,50.0,5000.0,android,2020.0
huawei,Huawei Pro 12,14997570.0,12.0,128.0,5.5,108.0,4000.0,android,2020.0
huawei,Huawei Pro 13,24706786.0,8.0,128.0,5.5,64.0,5000.0,android,2022.0
huawei,Huawei Pro 13,6150275.0,4.0,512.0,6.8,108.0,6000.0,android,2019.0
huawei,Huawei Pro 14,23717442.0,12.0,256.0,6.8,48.0,5000.0,android,2019.0
huawei,Huawei Pro 16,21711718.0,16.0,512.0,6.8,12.0,4000.0,android,2020.0
huawei,Huawei Pro 16,4610357.0,4.0,256.0,5.5,48.0,4000.0,android,2022.0
huawei,Huawei Pro 19,15725526.0,8.0,64.0,6.7,50.0,6000.0,android,2021.0
huawei,Huawei Pro 19,13092674.0,8.0,128.0,6.1,64.0,4000.0,android,2022.0
huawei,Huawei Pro 19,13789732.0,16.0,64.0,6.7,50.0,4000.0,android,2021.0
huawei,Huawei Pro 19,24608863.0,6.0,512.0,6.1,108.0,5000.0,android,2021.0
huawei,Huawei Pro 20,14086194.0,4.0,512.0,6.4,108.0,6000.0,android,2024.0
huawei,Huawei Pro 20,9909906.0,8.0,64.0,6.5,108.0,4000.0,android,2022.0
huawei,Huawei Pro 21,12703835.0,16.0,128.0,6.1,64.0,4000.0,android,2022.0
huawei,Huawei Pro 21,17280571.0,6.0,256.0,5.5,50.0,4000.0,android,2023.0
huawei,Huawei Pro 22,16616387.0,16.0,128.0,6.1,50.0,5000.0,android,2019.0
huawei,Huawei Pro 23,14783786.0,16.0,256.0,6.1,108.0,4000.0,android,2022.0
huawei,Huawei Pro 23,22803884.0,8.0,128.0,6.4,48.0,4500.0,android,2022.0
huawei,Huawei Pro 27,18105376.0,16.0,64.0,6.7,64.0,4500.0,android,2020.0
huawei,Huawei Pro 27,16507681.0,4.0,512.0,6.5,50.0,6000.0,android,2019.0
huawei,Huawei Pro 28,22900811.0,6.0,128.0,6.1,64.0,4000.0,android,2023.0
huawei,Huawei Pro 30,18012910.0,8.0,64.0,6.8,50.0,5000.0,android,2020.0
huawei,Huawei Pro 30,21656599.0,4.0,512.0,5.5,64.0,4000.0,android,2021.0
huawei,Huawei Pro 5,8902602.0,8.0,256.0,6.4,64.0,5000.0,android,2023.0
huawei,Huawei Pro 6,23220912.0,12.0,64.0,6.1,12.0,4000.0,android,2020.0
huawei,Huawei Pro 7,18184691.0,4.0,128.0,5.5,50.0,4500.0,android,2019.0
huawei,Huawei Pro 8,2937896.0,4.0,64.0,5.5,48.0,6000.0,android,2019.0
huawei,Huawei Pro 9,23363345.0,4.0,128.0,6.5,48.0,5000.0,android,2019.0
huawei,Huawei Ultra 10,24681567.0,8.0,256.0,5.5,48.0,6000.0,android,2023.0
huawei,Huawei Ultra 11,5634552.0,16.0,256.0,6.7,108.0,5000.0,android,2022.0
huawei,Huawei Ultra 14,3502424.0,8.0,512.0,6.7,48.0,4000.0,android,2020.0
huawei,Huawei Ultra 14,13928755.0,4.0,256.0,6.7,108.0,5000.0,android,2022.0
huawei,Huawei Ultra 17,13471498.0,8.0,256.0,6.5,64.0,4000.0,android,2019.0
huawei,Huawei Ultra 17,8323345.0,16.0,256.0,5.5,12.0,4500.0,android,2022.0
huawei,Huawei Ultra 20,14422919.0,6.0,256.0,6.1,108.0,5000.0,android,2020.0
huawei,Huawei Ultra 20,11396306.0,16.0,512.0,6.5,48.0,6000.0,android,2020.0
huawei,Huawei Ultra 25,5482337.0,8.0,256.0,6.4,108.0,6000.0,android,2019.0
huawei,Huawei Ultra 27,20970085.0,4.0,64.0,5.5,12.0,6000.0,android,2020.0
huawei,Huawei Ultra 29,18357699.0,8.0,256.0,6.4,64.0,6000.0,android,2019.0
huawei,Huawei Ultra 29,5508696.0,6.0,256.0,6.4,48.0,6000.0,android,2019.0
huawei,Huawei Ultra 29,13706799.0,4.0,128.0,6.4,64.0,5000.0,android,2023.0
huawei,Huawei Ultra 30,2172356.0,12.0,512.0,6.8,48.0,4000.0,android,2019.0
huawei,Huawei Ultra 5,24856666.0,6.0,64.0,6.4,48.0,5000.0,android,2021.0
huawei,Huawei Ultra 5,20517945.0,16.0,256.0,6.5,50.0,5000.0,android,2021.0
huawei,Huawei Ultra 5,6794991.0,4.0,512.0,6.4,48.0,5000.0,android,2022.0
huawei,Huawei Ultra 5,8893291.0,16.0,128.0,6.4,50.0,4000.0,android,2023.0
huawei,Huawei Ultra 6,12468185.0,8.0,512.0,6.5,12.0,4500.0,android,2023.0
huawei,Huawei Ultra 7,4359689.0,16.0,64.0,6.5,50.0,5000.0,android,2019.0
huawei,Huawei Ultra 7,12296202.0,12.0,64.0,6.1,108.0,6000.0,android,2020.0
huawei,Huawei Ultra 7,2630707.0,8.0,256.0,6.7,50.0,6000.0,android,2022.0
huawei,Huawei Ultra 9,24214496.0,8.0,512.0,6.4,48.0,4000.0,android,2023.0
huawei,Huawei Ultra 9,9740349.0,4.0,512.0,6.1,48.0,5000.0,android,2024.0
infinix,Infinix Max 10,4771258.0,6.0,64.0,6.8,12.0,4500.0,android,2022.0
infinix,Infinix Max 11,6662126.0,8.0,128.0,6.5,48.0,6000.0,android,2023.0
infinix,Infinix Max 11,17860488.0,12.0,512.0,6.5,64.0,4500.0,android,2020.0
infinix,Infinix Max 12,24354169.0,6.0,256.0,6.5,12.0,4500.0,android,2019.0
infinix,Infinix Max 12,22151604.0,8.0,128.0,6.7,108.0,6000.0,android,2021.0
infinix,Infinix Max 14,1874592.0,8.0,128.0,6.4,108.0,4000.0,android,2019.0
infinix,Infinix Max 15,20759307.0,6.0,512.0,6.4,50.0,4000.0,android,2019.0
infinix,Infinix Max 15,19841054.0,6.0,256.0,6.1,108.0,4000.0,android,2020.0
infinix,Infinix Max 15,16237447.0,16.0,64.0,6.8,12.0,6000.0,android,2023.0
infinix,Infinix Max 16,23234751.0,8.0,128.0,6.8,50.0,5000.0,android,2021.0
infinix,Infinix Max 18,7895681.0,4.0,256.0,6.5,108.0,5000.0,android,2021.0
infinix,Infinix Max 19,20967971.0,8.0,128.0,6.4,50.0,5000.0,android,2024.0
infinix,Infinix Max 19,21229524.0,16.0,512.0,6.4,50.0,6000.0,android,2023.0
infinix,Infinix Max 20,23144184.0,4.0,128.0,5.5,12.0,5000.0,android,2022.0
infinix,Infinix Max 21,12208202.0,12.0,256.0,5.5,108.0,6000.0,android,2023.0
infinix,Infinix Max 24,7914301.0,12.0,64.0,6.4,48.0,4500.0,android,2022.0
infinix,Infinix Max 25,7479001.0,4.0,128.0,6.1,48.0,5000.0,android,2021.0
infinix,Infinix Max 26,10388227.0,12.0,256.0,6.1,64.0,4500.0,android,2019.0
infinix,Infinix Max 27,14974845.0,8.0,128.0,6.1,48.0,4500.0,android,2021.0
infinix,Infinix Max 27,21154413.0,6.0,64.0,6.4,12.0,5000.0,android,2023.0
infinix,Infinix Max 27,17724975.0,4.0,256.0,5.5,50.0,4000.0,android,2023.0
infinix,Infinix Max 27,4221798.0,6.0,64.0,5.5,108.0,4500.0,android,2021.0
infinix,Infinix Max 27,22090369.0,6.0,128.0,6.5,48.0,4000.0,android,2023.0
infinix,Infinix Max 28,22673918.0,6.0,64.0,6.5,64.0,5000.0,android,2021.0
infinix,Infinix Max 5,5961516.0,16.0,512.0,6.1,64.0,4000.0,android,2020.0
infinix,Infinix Max 5,12906917.0,8.0,256.0,6.4,50.0,5000.0,android,2023.0
infinix,Infinix Max 6,21239769.0,4.0,512.0,6.7,48.0,6000.0,android,2019.0
infinix,Infinix Note 11,7782762.0,16.0,64.0,6.7,64.0,5000.0,android,2019.0
infinix,Infinix Note 11,23292994.0,12.0,64.0,6.5,12.0,5000.0,android,2024.0
infinix,Infinix Note 12,1788410.0,8.0,64.0,6.7,50.0,6000.0,android,2021.0
infinix,Infinix Note 13,18303457.0,4.0,64.0,6.4,64.0,6000.0,android,2023.0
infinix,Infinix Note 13,9128937.0,8.0,256.0,6.1,108.0,5000.0,android,2024.0
infinix,Infinix Note 14,2275472.0,16.0,64.0,6.7,64.0,4000.0,android,2023.0
infinix,Infinix Note 14,9904765.0,4.0,64.0,6.1,48.0,4000.0,android,2023.0
infinix,Infinix Note 19,5811213.0,4.0,64.0,6.4,108.0,4000.0,android,2019.0
infinix,Infinix Note 20,14950781.0,6.0,128.0,6.5,50.0,4000.0,android,2023.0
infinix,Infinix Note 20,22664251.0,4.0,256.0,6.4,50.0,4000.0,android,2020.0
infinix,Infinix Note 25,24507451.0,6.0,64.0,6.1,108.0,6000.0,android,2022.0
infinix,Infinix Note 27,13431200.0,4.0,256.0,6.7,48.0,5000.0,android,2020.0
infinix,Infinix Note 6,7867576.0,12.0,512.0,6.7,64.0,4000.0,android,2021.0
infinix,Infinix Note 7,13023275.0,16.0,64.0,6.7,64.0,4500.0,android,2021.0
infinix,Infinix Note 7,2757804.0,4.0,256.0,6.7,108.0,4000.0,android,2023.0
infinix,Infinix Note 7,14537624.0,6.0,512.0,6.1,48.0,4500.0,android,2019.0
infinix,Infinix Note 8,7701930.0,16.0,64.0,5.5,108.0,4500.0,android,2022.0
infinix,Infinix Note 9,9838405.0,12.0,512.0,6.5,12.0,6000.0,android,2022.0
infinix,Infinix Pro 12,19487021.0,6.0,256.0,6.5,50.0,6000.0,android,2020.0
infinix,Infinix Pro 13,18338256.0,12.0,128.0,6.7,108.0,4500.0,android,2022.0
infinix,Infinix Pro 15,12585883.0,4.0,128.0,6.7,50.0,4500.0,android,2023.0
infinix,Infinix Pro 15,1531432.0,12.0,256.0,6.8,12.0,4500.0,android,2023.0
infinix,Infinix Pro 16,15489644.0,4.0,256.0,5.5,48.0,6000.0,android,2019.0
infinix,Infinix Pro 16,7276893.0,16.0,512.0,6.1,50.0,5000.0,android,2022.0
infinix,Infinix Pro 16,23117961.0,12.0,128.0,6.4,64.0,6000.0,android,2024.0
infinix,Infinix Pro 16,21080967.0,4.0,64.0,6.8,48.0,5000.0,android,2022.0
infinix,Infinix Pro 17,9747361.0,12.0,64.0,5.5,50.0,6000.0,android,2022.0
infinix,Infinix Pro 19,18613561.0,8.0,256.0,5.5,108.0,5000.0,android,2021.0
infinix,Infinix Pro 19,15212973.0,4.0,128.0,6.7,64.0,4500.0,android,2022.0
infinix,Infinix Pro 20,7399077.0,12.0,128.0,5.5,48.0,5000.0,android,2023.0
infinix,Infinix Pro 24,22000806.0,6.0,64.0,6.7,64.0,6000.0,android,2021.0
infinix,Infinix Pro 26,14159532.0,6.0,128.0,6.8,108.0,4500.0,android,2020.0
infinix,Infinix Pro 28,24314676.0,12.0,512.0,6.7,50.0,5000.0,android,2023.0
infinix,Infinix Pro 29,20601809.0,8.0,512.0,6.4,50.0,4500.0,android,2022.0
infinix,Infinix Pro 30,10867915.0,4.0,64.0,6.4,64.0,6000.0,android,2021.0
infinix,Infinix Pro 30,4857960.0,16.0,128.0,6.5,50.0,4500.0,android,2023.0
infinix,Infinix Pro 30,5579890.0,6.0,64.0,6.5,50.0,4500.0,android,2021.0
infinix,Infinix Pro 6,13108666.0,8.0,512.0,6.1,48.0,5000.0,android,2023.0
infinix,Infinix Ultra 10,17819194.0,6.0,256.0,6.7,64.0,4000.0,android,2019.0
infinix,Infinix Ultra 12,15483653.0,12.0,256.0,6.8,50.0,4000.0,android,2022.0
infinix,Infinix Ultra 13,18566466.0,8.0,256.0,6.5,108.0,6000.0,android,2021.0
infinix,Infinix Ultra 15,8299241.0,16.0,128.0,6.4,50.0,6000.0,android,2020.0
infinix,Infinix Ultra 16,15578882.0,8.0,128.0,6.4,50.0,5000.0,android,2021.0
infinix,Infinix Ultra 18,17932515.0,8.0,512.0,6.1,48.0,5000.0,android,2019.0
infinix,Infinix Ultra 19,9642959.0,6.0,64.0,6.7,64.0,5000.0,android,2019.0
infinix,Infinix Ultra 20,16331037.0,6.0,128.0,6.1,64.0,5000.0,android,2020.0
infinix,Infinix Ultra 20,9131922.0,16.0,256.0,6.8,12.0,6000.0,android,2024.0
infinix,Infinix Ultra 20,23388203.0,16.0,512.0,6.4,108.0,4500.0,android,2023.0
infinix,Infinix Ultra 21,21387056.0,4.0,512.0,6.5,48.0,6000.0,android,2021.0
infinix,Infinix Ultra 22,2402133.0,16.0,256.0,6.5,12.0,6000.0,android,2022.0
infinix,Infinix Ultra 24,11844266.0,12.0,512.0,6.4,108.0,4500.0,android,2023.0
infinix,Infinix Ultra 24,10545385.0,6.0,64.0,5.5,48.0,6000.0,android,2020.0
infinix,Infinix Ultra 26,7491682.0,6.0,512.0,6.7,108.0,6000.0,android,2024.0
infinix,Infinix Ultra 5,15660948.0,6.0,256.0,5.5,48.0,6000.0,android,2023.0
infinix,Infinix Ultra 7,3943632.0,6.0,128.0,6.4,64.0,6000.0,android,2019.0
infinix,Infinix Ultra 7,10215192.0,8.0,512.0,6.7,12.0,4500.0,android,2022.0
infinix,Infinix Ultra 8,17077460.0,6.0,64.0,6.7,12.0,5000.0,android,2023.0
infinix,Infinix Ultra 8,7420651.0,12.0,256.0,6.8,48.0,4500.0,android,2021.0
infinix,Infinix Ultra 8,16783669.0,8.0,512.0,6.1,48.0,5000.0,android,2023.0
infinix,Infinix Ultra 8,15628116.0,12.0,128.0,6.5,48.0,6000.0,android,2019.0
infinix,Infinix Ultra 9,10365881.0,4.0,256.0,6.5,108.0,4500.0,android,2020.0
infinix,Infinix Ultra 9,18432854.0,8.0,512.0,6.7,108.0,5000.0,android,2024.0
oneplus,OnePlus Max 11,8735041.0,6.0,64.0,6.8,48.0,4500.0,android,2019.0
oneplus,OnePlus Max 12,7747941.0,4.0,512.0,6.8,48.0,4500.0,android,2020.0
oneplus,OnePlus Max 12,18483138.0,12.0,64.0,6.5,64.0,4000.0,android,2020.0
oneplus,OnePlus Max 14,9275871.0,8.0,64.0,5.5,64.0,6000.0,android,2021.0
oneplus,OnePlus Max 14,23953047.0,4.0,64.0,6.1,64.0,4500.0,android,2024.0
oneplus,OnePlus Max 14,4952524.0,12.0,128.0,6.4,48.0,4500.0,android,2023.0
oneplus,OnePlus Max 15,24802595.0,4.0,128.0,6.7,48.0,4000.0,android,2024.0
oneplus,OnePlus Max 16,8152872.0,8.0,256.0,6.7,48.0,5000.0,android,2021.0
oneplus,OnePlus Max 16,8377735.0,6.0,64.0,6.1,50.0,5000.0,android,2023.0
oneplus,OnePlus Max 16,8261376.0,16.0,256.0,6.7,12.0,4000.0,android,2023.0
oneplus,OnePlus Max 18,10860128.0,16.0,256.0,6.1,12.0,4000.0,android,2019.0
oneplus,OnePlus Max 20,4642389.0,6.0,128.0,6.1,48.0,4500.0,android,2020.0
oneplus,OnePlus Max 21,8115946.0,4.0,256.0,5.5,64.0,6000.0,android,2022.0
oneplus,OnePlus Max 22,20451433.0,8.0,64.0,6.8,48.0,4500.0,android,2023.0
oneplus,OnePlus Max 22,14263329.0,6.0,512.0,6.5,50.0,4000.0,android,2019.0
oneplus,OnePlus Max 24,7620415.0,12.0,512.0,6.4,50.0,6000.0,android,2023.0
oneplus,OnePlus Max 24,21504076.0,16.0,128.0,5.5,50.0,6000.0,android,2019.0
oneplus,OnePlus Max 25,21679889.0,4.0,64.0,5.5,108.0,5000.0,android,2020.0
oneplus,OnePlus Max 25,10742634.0,6.0,256.0,6.5,12.0,5000.0,android,2019.0
oneplus,OnePlus Max 27,10688370.0,6.0,128.0,6.8,12.0,4000.0,android,2019.0
oneplus,OnePlus Max 29,23339156.0,16.0,256.0,6.5,108.0,4000.0,android,2022.0
oneplus,OnePlus Max 29,23195647.0,12.0,64.0,6.1,50.0,4000.0,android,2020.0
oneplus,OnePlus Max 6,24038178.0,8.0,256.0,6.8,50.0,4500.0,android,2019.0
oneplus,OnePlus Max 7,17165909.0,6.0,512.0,6.1,108.0,6000.0,android,2022.0
oneplus,OnePlus Max 7,15015673.0,12.0,256.0,6.5,108.0,6000.0,android,2021.0
oneplus,OnePlus Max 7,7607139.0,4.0,64.0,6.5,64.0,6000.0,android,2022.0
oneplus,OnePlus Note 10,23836647.0,6.0,256.0,6.8,12.0,4500.0,android,2019.0
oneplus,OnePlus Note 10,3174423.0,8.0,64.0,6.8,12.0,5000.0,android,2020.0
oneplus,OnePlus Note 14,18924036.0,8.0,512.0,5.5,108.0,5000.0,android,2023.0
oneplus,OnePlus Note 14,22454584.0,12.0,128.0,6.1,108.0,4000.0,android,2022.0
oneplus,OnePlus Note 15,3638206.0,16.0,128.0,6.8,108.0,4500.0,android,2021.0
oneplus,OnePlus Note 16,10178106.0,4.0,128.0,6.5,48.0,4500.0,android,2023.0
oneplus,OnePlus Note 17,14662641.0,16.0,256.0,5.5,12.0,4000.0,android,2020.0
oneplus,OnePlus Note 18,24545257.0,4.0,64.0,6.4,50.0,5000.0,android,2022.0
oneplus,OnePlus Note 20,15159139.0,4.0,128.0,6.1,50.0,4500.0,android,2021.0
oneplus,OnePlus Note 21,2874382.0,16.0,256.0,6.1,12.0,6000.0,android,2023.0
oneplus,OnePlus Note 21,20957928.0,6.0,512.0,6.5,50.0,4500.0,android,2021.0
oneplus,OnePlus Note 22,2039270.0,6.0,64.0,6.4,64.0,6000.0,android,2021.0
oneplus,OnePlus Note 25,23516633.0,8.0,64.0,6.7,64.0,4500.0,android,2020.0
oneplus,OnePlus Note 25,22183205.0,16.0,128.0,5.5,12.0,4500.0,android,2021.0
oneplus,OnePlus Note 25,20865610.0,16.0,128.0,6.1,108.0,4500.0,android,2020.0
oneplus,OnePlus Note 28,24072223.0,12.0,256.0,6.1,64.0,6000.0,android,2019.0
oneplus,OnePlus Note 28,24427412.0,4.0,64.0,6.5,12.0,5000.0,android,2021.0
oneplus,OnePlus Note 28,17304415.0,12.0,512.0,6.8,12.0,5000.0,android,2022.0
oneplus,OnePlus Note 28,21331113.0,16.0,256.0,6.7,12.0,6000.0,android,2023.0
oneplus,OnePlus Note 29,11202649.0,16.0,64.0,6.7,12.0,4500.0,android,2020.0
oneplus,OnePlus Note 5,3355870.0,8.0,64.0,6.7,48.0,4000.0,android,2019.0
oneplus,OnePlus Note 5,13320834.0,8.0,256.0,6.8,50.0,4500.0,android,2023.0
oneplus,OnePlus Note 7,8001184.0,16.0,128.0,6.8,64.0,4000.0,android,2021.0
oneplus,OnePlus Note 9,14851430.0,12.0,64.0,6.4,50.0,4500.0,android,2020.0
oneplus,OnePlus Note 9,10874500.0,4.0,512.0,6.1,12.0,4000.0,android,2021.0
oneplus,OnePlus Note 9,18036181.0,12.0,128.0,6.4,12.0,6000.0,android,2024.0
oneplus,OnePlus Note 9,14061618.0,16.0,256.0,5.5,12.0,4500.0,android,2019.0
oneplus,OnePlus Pro 10,7805243.0,8.0,512.0,6.8,12.0,6000.0,android,2021.0
oneplus,OnePlus Pro 11,14246960.0,8.0,64.0,6.8,48.0,6000.0,android,2024.0
oneplus,OnePlus Pro 12,14154141.0,4.0,512.0,6.1,108.0,6000.0,android,2019.0
oneplus,OnePlus Pro 12,19530478.0,8.0,64.0,6.5,108.0,4500.0,android,2020.0
oneplus,OnePlus Pro 14,5398372.0,6.0,256.0,6.7,64.0,4000.0,android,2020.0
oneplus,OnePlus Pro 14,18564598.0,6.0,256.0,6.8,108.0,5000.0,android,2020.0
oneplus,OnePlus Pro 16,13282620.0,12.0,128.0,6.7,12.0,5000.0,android,2019.0
oneplus,OnePlus Pro 16,9785374.0,6.0,64.0,6.1,108.0,5000.0,android,2023.0
oneplus,OnePlus Pro 16,18009434.0,8.0,512.0,5.5,50.0,6000.0,android,2023.0
oneplus,OnePlus Pro 17,24616017.0,16.0,256.0,6.4,50.0,6000.0,android,2023.0
oneplus,OnePlus Pro 17,16955792.0,4.0,128.0,6.8,64.0,4000.0,android,2021.0
oneplus,OnePlus Pro 17,15372547.0,16.0,256.0,6.4,108.0,4500.0,android,2023.0
oneplus,OnePlus Pro 19,14550492.0,16.0,64.0,6.7,64.0,6000.0,android,2021.0
oneplus,OnePlus Pro 21,23314766.0,4.0,256.0,6.5,50.0,4000.0,android,2020.0
oneplus,OnePlus Pro 22,8170046.0,16.0,64.0,6.4,48.0,4500.0,android,2019.0
oneplus,OnePlus Pro 23,12066347.0,8.0,128.0,6.5,12.0,6000.0,android,2022.0
oneplus,OnePlus Pro 23,8138352.0,4.0,512.0,6.4,50.0,4500.0,android,2021.0
oneplus,OnePlus Pro 24,18649405.0,16.0,512.0,6.1,64.0,4500.0,android,2019.0
oneplus,OnePlus Pro 24,10493122.0,12.0,512.0,6.8,64.0,5000.0,android,2020.0
oneplus,OnePlus Pro 24,14685740.0,8.0,64.0,6.7,12.0,6000.0,android,2020.0
oneplus,OnePlus Pro 26,2483976.0,8.0,128.0,6.8,12.0,6000.0,android,2019.0
oneplus,OnePlus Pro 27,17175814.0,12.0,512.0,6.8,12.0,4000.0,android,2023.0
oneplus,OnePlus Pro 28,24384116.0,4.0,64.0,6.5,108.0,6000.0,android,2023.0
oneplus,OnePlus Pro 28,6613407.0,4.0,64.0,6.5,48.0,6000.0,android,2021.0
oneplus,OnePlus Pro 28,13737735.0,16.0,512.0,6.8,50.0,5000.0,android,2020.0
oneplus,OnePlus Pro 29,4672513.0,6.0,128.0,5.5,108.0,4500.0,android,2021.0
oneplus,OnePlus Pro 29,19374764.0,16.0,128.0,6.7,50.0,5000.0,android,2023.0
oneplus,OnePlus Pro 30,14981329.0,16.0,512.0,6.8,12.0,4000.0,android,2022.0
oneplus,OnePlus Pro 6,5136550.0,8.0,128.0,6.7,50.0,6000.0,android,2021.0
oneplus,OnePlus Pro 6,21461323.0,8.0,64.0,6.8,48.0,5000.0,android,2020.0
oneplus,OnePlus Pro 9,5579676.0,8.0,256.0,6.8,48.0,5000.0,android,2023.0
oneplus,OnePlus Pro 9,24972830.0,16.0,256.0,6.5,50.0,5000.0,android,2019.0
oneplus,OnePlus Ultra 10,22812781.0,12.0,512.0,6.4,12.0,4000.0,android,2019.0
oneplus,OnePlus Ultra 13,2653512.0,8.0,512.0,6.4,108.0,4000.0,android,2024.0
oneplus,OnePlus Ultra 15,17969494.0,16.0,128.0,6.7,12.0,4000.0,android,2021.0
oneplus,OnePlus Ultra 15,24481755.0,12.0,128.0,6.1,64.0,5000.0,android,2022.0
oneplus,OnePlus Ultra 18,6668955.0,6.0,256.0,6.1,108.0,5000.0,android,2019.0
oneplus,OnePlus Ultra 18,24036047.0,4.0,64.0,6.5,50.0,5000.0,android,2022.0
oneplus,OnePlus Ultra 19,5431858.0,6.0,128.0,6.4,108.0,4000.0,android,2019.0
oneplus,OnePlus Ultra 20,11805453.0,8.0,64.0,6.5,108.0,4500.0,android,2024.0
oneplus,OnePlus Ultra 22,3502042.0,12.0,128.0,5.5,12.0,6000.0,android,2023.0
oneplus,OnePlus Ultra 22,21873923.0,12.0,128.0,6.4,50.0,4000.0,android,2024.0
oneplus,OnePlus Ultra 23,3030481.0,12.0,128.0,6.7,108.0,4000.0,android,2019.0
oneplus,OnePlus Ultra 24,19582826.0,8.0,128.0,6.8,48.0,4500.0,android,2023.0
oneplus,OnePlus Ultra 24,3692920.0,8.0,128.0,6.5,64.0,4500.0,android,2023.0
oneplus,OnePlus Ultra 25,15524807.0,16.0,128.0,5.5,12.0,4500.0,android,2019.0
oneplus,OnePlus Ultra 26,17899510.0,6.0,256.0,6.7,12.0,5000.0,android,2019.0
oneplus,OnePlus Ultra 26,17006255.0,6.0,64.0,6.5,48.0,4000.0,android,2023.0
oneplus,OnePlus Ultra 28,7083739.0,4.0,256.0,6.8,64.0,5000.0,android,2024.0
oneplus,OnePlus Ultra 29,23754323.0,16.0,64.0,6.4,50.0,4500.0,android,2023.0
oneplus,OnePlus Ultra 30,20912048.0,4.0,64.0,6.8,48.0,6000.0,android,2020.0
oneplus,OnePlus Ultra 6,21520107.0,4.0,64.0,5.5,108.0,4000.0,android,2019.0
oneplus,OnePlus Ultra 6,22806831.0,8.0,64.0,6.4,64.0,6000.0,android,2020.0
oneplus,OnePlus Ultra 7,20066198.0,8.0,128.0,6.5,64.0,6000.0,android,2022.0
oneplus,OnePlus Ultra 7,22821178.0,16.0,256.0,6.5,64.0,4500.0,android,2019.0
oneplus,OnePlus Ultra 8,23282104.0,4.0,64.0,6.7,64.0,4500.0,android,2024.0
oppo,Oppo Max 10,21204576.0,6.0,512.0,6.4,12.0,6000.0,android,2021.0
oppo,Oppo Max 11,1900039.0,12.0,512.0,6.7,48.0,4000.0,android,2022.0
oppo,Oppo Max 12,11628532.0,6.0,512.0,6.1,50.0,6000.0,android,2019.0
oppo,Oppo Max 13,6672277.0,12.0,64.0,5.5,50.0,5000.0,android,2019.0
oppo,Oppo Max 14,6043699.0,16.0,512.0,6.1,108.0,5000.0,android,2023.0
oppo,Oppo Max 14,16447186.0,16.0,128.0,6.4,64.0,6000.0,android,2022.0
oppo,Oppo Max 14,17976626.0,16.0,512.0,6.4,64.0,4500.0,android,2023.0
oppo,Oppo Max 15,20695812.0,16.0,64.0,6.7,108.0,6000.0,android,2022.0
oppo,Oppo Max 16,7113005.0,16.0,128.0,6.8,108.0,4000.0,android,2019.0
oppo,Oppo Max 16,8997137.0,8.0,256.0,6.7,108.0,6000.0,android,2020.0
oppo,Oppo Max 18,22051059.0,12.0,128.0,6.5,12.0,4500.0,android,2022.0
oppo,Oppo Max 21,21415448.0,8.0,128.0,6.1,48.0,6000.0,android,2020.0
oppo,Oppo Max 24,1762788.0,8.0,256.0,5.5,12.0,5000.0,android,2024.0
oppo,Oppo Max 24,16162548.0,8.0,128.0,6.5,108.0,5000.0,android,2020.0
oppo,Oppo Max 28,9405893.0,4.0,128.0,6.4,64.0,4000.0,android,2022.0
oppo,Oppo Max 30,7994546.0,16.0,256.0,5.5,50.0,4500.0,android,2022.0
oppo,Oppo Max 5,14016331.0,8.0,128.0,6.1,48.0,5000.0,android,2023.0
oppo,Oppo Max 8,19540018.0,4.0,256.0,6.1,108.0,4500.0,android,2019.0
oppo,Oppo Max 8,2407971.0,4.0,64.0,6.5,50.0,4500.0,android,2019.0
oppo,Oppo Max 8,20335124.0,16.0,128.0,6.1,12.0,4000.0,android,2023.0
oppo,Oppo Note 12,15674168.0,6.0,128.0,6.8,48.0,4000.0,android,2019.0
oppo,Oppo Note 14,20998117.0,6.0,128.0,6.7,50.0,4500.0,android,2021.0
oppo,Oppo Note 14,2234996.0,8.0,512.0,6.8,108.0,4500.0,android,2020.0
oppo,Oppo Note 15,19617071.0,4.0,512.0,6.7,64.0,5000.0,android,2023.0
oppo,Oppo Note 16,2517955.0,8.0,64.0,5.5,108.0,6000.0,android,2023.0
oppo,Oppo Note 18,20871615.0,6.0,256.0,6.5,50.0,6000.0,android,2019.0
oppo,Oppo Note 19,10627512.0,4.0,512.0,6.5,108.0,5000.0,android,2019.0
oppo,Oppo Note 19,21149204.0,16.0,64.0,6.5,64.0,4000.0,android,2020.0
oppo,Oppo Note 21,9079278.0,8.0,128.0,6.7,48.0,4000.0,android,2024.0
oppo,Oppo Note 21,4333261.0,12.0,512.0,6.4,50.0,4000.0,android,2021.0
oppo,Oppo Note 24,22267891.0,6.0,64.0,6.4,50.0,6000.0,android,2024.0
oppo,Oppo Note 25,18672229.0,8.0,512.0,6.5,50.0,6000.0,android,2022.0
oppo,Oppo Note 25,6399552.0,8.0,128.0,6.7,108.0,6000.0,android,2022.0
oppo,Oppo Note 26,20168107.0,12.0,128.0,5.5,48.0,6000.0,android,2024.0
oppo,Oppo Note 26,14404589.0,6.0,128.0,6.4,50.0,5000.0,android,2022.0
oppo,Oppo Note 28,21097682.0,16.0,256.0,6.8,50.0,4000.0,android,2023.0
oppo,Oppo Note 29,16018579.0,4.0,512.0,6.1,12.0,5000.0,android,2019.0
oppo,Oppo Note 29,5326233.0,16.0,512.0,6.4,50.0,4000.0,android,2019.0
oppo,Oppo Note 5,13329418.0,16.0,64.0,5.5,12.0,4000.0,android,2024.0
oppo,Oppo Note 6,5329004.0,12.0,128.0,6.4,50.0,4000.0,android,2022.0
oppo,Oppo Note 8,7985747.0,6.0,256.0,6.8,64.0,4500.0,android,2021.0
oppo,Oppo Note 9,3705286.0,6.0,256.0,6.7,48.0,4500.0,android,2021.0
oppo,Oppo Pro 11,10669727.0,12.0,128.0,6.4,50.0,5000.0,android,2022.0
oppo,Oppo Pro 12,19832476.0,8.0,128.0,6.7,64.0,6000.0,android,2024.0
oppo,Oppo Pro 12,18254923.0,16.0,64.0,6.4,50.0,6000.0,android,2022.0
oppo,Oppo Pro 13,24078265.0,16.0,512.0,6.5,50.0,5000.0,android,2021.0
oppo,Oppo Pro 14,8572840.0,12.0,64.0,6.1,12.0,6000.0,android,2019.0
oppo,Oppo Pro 15,10310020.0,12.0,128.0,6.4,108.0,6000.0,android,2020.0
oppo,Oppo Pro 15,2752397.0,6.0,512.0,5.5,48.0,4500.0,android,2019.0
oppo,Oppo Pro 15,14501482.0,16.0,128.0,6.4,108.0,5000.0,android,2019.0
oppo,Oppo Pro 16,24726137.0,6.0,512.0,6.8,108.0,4000.0,android,2022.0
oppo,Oppo Pro 18,1570627.0,12.0,256.0,5.5,12.0,4000.0,android,2020.0
oppo,Oppo Pro 18,23176600.0,16.0,512.0,6.7,64.0,4000.0,android,2023.0
oppo,Oppo Pro 19,16056002.0,8.0,128.0,6.5,48.0,5000.0,android,2023.0
oppo,Oppo Pro 20,22541042.0,4.0,512.0,6.8,50.0,6000.0,android,2021.0
oppo,Oppo Pro 20,15106127.0,16.0,512.0,6.7,12.0,5000.0,android,2022.0
oppo,Oppo Pro 20,16234332.0,6.0,512.0,6.7,50.0,4000.0,android,2021.0
oppo,Oppo Pro 21,13671960.0,6.0,64.0,6.1,48.0,6000.0,android,2023.0
oppo,Oppo Pro 22,23092783.0,6.0,128.0,6.8,64.0,6000.0,android,2019.0
oppo,Oppo Pro 25,10586832.0,16.0,256.0,6.8,50.0,6000.0,android,2023.0
oppo,Oppo Pro 28,17891423.0,6.0,128.0,6.4,50.0,6000.0,android,2019.0
oppo,Oppo Pro 6,8169681.0,8.0,64.0,6.5,12.0,4000.0,android,2024.0
oppo,Oppo Pro 6,22012586.0,16.0,512.0,6.8,50.0,4000.0,android,2020.0
oppo,Oppo Pro 6,9470373.0,4.0,128.0,5.5,12.0,4500.0,android,2019.0
oppo,Oppo Pro 8,9990974.0,4.0,256.0,6.4,64.0,4000.0,android,2019.0
oppo,Oppo Pro 8,19163662.0,16.0,128.0,6.5,64.0,4500.0,android,2021.0
oppo,Oppo Ultra 11,3193413.0,12.0,128.0,6.1,50.0,4000.0,android,2021.0
oppo,Oppo Ultra 13,15928270.0,6.0,256.0,6.5,12.0,5000.0,android,2024.0
oppo,Oppo Ultra 14,2733885.0,8.0,512.0,6.4,108.0,5000.0,android,2023.0
oppo,Oppo Ultra 14,5914817.0,16.0,64.0,5.5,108.0,5000.0,android,2019.0
oppo,Oppo Ultra 15,3606719.0,8.0,512.0,6.4,12.0,5000.0,android,2020.0
oppo,Oppo Ultra 15,13483544.0,8.0,256.0,6.1,64.0,4000.0,android,2021.0
oppo,Oppo Ultra 17,24083343.0,6.0,256.0,5.5,64.0,6000.0,android,2019.0
oppo,Oppo Ultra 18,19095973.0,12.0,64.0,6.5,64.0,4500.0,android,2019.0
oppo,Oppo Ultra 20,6684973.0,4.0,512.0,6.1,64.0,4000.0,android,2021.0
oppo,Oppo Ultra 21,7382631.0,4.0,128.0,5.5,12.0,4000.0,android,2020.0
oppo,Oppo Ultra 22,2648254.0,6.0,128.0,6.4,50.0,6000.0,android,2022.0
oppo,Oppo Ultra 22,19377973.0,6.0,64.0,6.8,50.0,4500.0,android,2022.0
oppo,Oppo Ultra 23,24544760.0,16.0,512.0,6.7,50.0,5000.0,android,2019.0
oppo,Oppo Ultra 23,13834440.0,16.0,64.0,6.7,50.0,4000.0,android,2021.0
oppo,Oppo Ultra 24,6042246.0,6.0,512.0,6.8,12.0,4500.0,android,2023.0
oppo,Oppo Ultra 27,14628507.0,4.0,128.0,6.8,50.0,4500.0,android,2024.0
oppo,Oppo Ultra 28,10311337.0,8.0,64.0,6.5,108.0,6000.0,android,2021.0
oppo,Oppo Ultra 29,2836545.0,8.0,64.0,6.7,108.0,4000.0,android,2020.0
oppo,Oppo Ultra 30,15241640.0,12.0,64.0,6.7,50.0,5000.0,android,2023.0
oppo,Oppo Ultra 6,18429262.0,16.0,64.0,6.5,48.0,5000.0,android,2019.0
oppo,Oppo Ultra 7,15259267.0,12.0,64.0,5.5,50.0,4500.0,android,2022.0
oppo,Oppo Ultra 9,16747793.0,6.0,512.0,6.7,12.0,4000.0,android,2022.0
realme,Realme Max 10,16311828.0,12.0,256.0,5.5,64.0,6000.0,android,2023.0
realme,Realme Max 15,3156318.0,16.0,256.0,6.5,108.0,4500.0,android,2023.0
realme,Realme Max 16,24782298.0,6.0,128.0,6.5,64.0,6000.0,android,2022.0
realme,Realme Max 17,13646735.0,6.0,512.0,6.8,50.0,4000.0,android,2024.0
realme,Realme Max 18,23055944.0,16.0,128.0,6.8,50.0,4500.0,android,2020.0
realme,Realme Max 19,19436376.0,4.0,256.0,6.1,64.0,4000.0,android,2021.0
realme,Realme Max 20,20769883.0,16.0,256.0,6.7,108.0,4000.0,android,2022.0
realme,Realme Max 21,20785861.0,6.0,64.0,6.5,50.0,5000.0,android,2024.0
realme,Realme Max 21,15879968.0,6.0,64.0,6.5,108.0,4000.0,android,2024.0
realme,Realme Max 23,9879436.0,6.0,512.0,5.5,108.0,4000.0,android,2023.0
realme,Realme Max 23,5328645.0,12.0,128.0,6.1,50.0,4000.0,android,2023.0
realme,Realme Max 23,22929823.0,6.0,128.0,6.1,50.0,4500.0,android,2021.0
realme,Realme Max 24,11743988.0,4.0,128.0,6.1,108.0,5000.0,android,2022.0
realme,Realme Max 24,4923462.0,16.0,64.0,6.4,48.0,6000.0,android,2023.0
realme,Realme Max 25,1575559.0,6.0,512.0,6.4,12.0,4000.0,android,2021.0
realme,Realme Max 26,20297304.0,8.0,128.0,6.5,12.0,5000.0,android,2023.0
realme,Realme Max 27,15725998.0,6.0,128.0,5.5,50.0,6000.0,android,2022.0
realme,Realme Max 5,6138119.0,8.0,256.0,6.1,12.0,6000.0,android,2020.0
realme,Realme Max 6,7497152.0,8.0,512.0,6.5,12.0,4500.0,android,2022.0
realme,Realme Max 6,20905286.0,6.0,128.0,6.1,64.0,4500.0,android,2024.0
realme,Realme Max 7,3013880.0,4.0,512.0,6.5,64.0,6000.0,android,2021.0
realme,Realme Max 7,5853359.0,12.0,64.0,6.4,64.0,6000.0,android,2023.0
realme,Realme Max 8,13534478.0,4.0,512.0,6.4,12.0,5000.0,android,2023.0
realme,Realme Note 11,2984139.0,6.0,64.0,6.8,108.0,4500.0,android,2020.0
realme,Realme Note 11,15805775.0,16.0,64.0,6.1,50.0,5000.0,android,2019.0
realme,Realme Note 12,22981641.0,4.0,64.0,6.7,48.0,5000.0,android,2019.0
realme,Realme Note 14,22315930.0,12.0,256.0,6.7,108.0,4000.0,android,2021.0
realme,Realme Note 16,11332930.0,6.0,256.0,6.5,108.0,4500.0,android,2021.0
realme,Realme Note 17,18249641.0,4.0,64.0,6.7,64.0,4000.0,android,2021.0
realme,Realme Note 19,7034483.0,8.0,512.0,6.8,108.0,5000.0,android,2021.0
realme,Realme Note 19,11862396.0,4.0,256.0,5.5,48.0,5000.0,android,2021.0
realme,Realme Note 20,12808275.0,6.0,128.0,6.1,12.0,6000.0,android,2024.0
realme,Realme Note 20,20037035.0,6.0,64.0,6.5,48.0,4500.0,android,2024.0
realme,Realme Note 20,9254151.0,16.0,512.0,6.1,108.0,5000.0,android,2022.0
realme,Realme Note 20,19772871.0,6.0,64.0,6.5,48.0,4500.0,android,2023.0
realme,Realme Note 21,6485656.0,6.0,128.0,6.8,50.0,4500.0,android,2022.0
realme,Realme Note 23,20711041.0,6.0,128.0,6.1,50.0,4500.0,android,2019.0
realme,Realme Note 24,11002841.0,12.0,64.0,6.4,64.0,4000.0,android,2023.0
realme,Realme Note 24,17017168.0,8.0,512.0,6.5,64.0,4000.0,android,2022.0
realme,Realme Note 24,10292705.0,6.0,512.0,6.7,48.0,4000.0,android,2020.0
realme,Realme Note 26,4237905.0,12.0,64.0,6.1,108.0,4500.0,android,2020.0
realme,Realme Note 27,18001352.0,4.0,512.0,5.5,12.0,5000.0,android,2020.0
realme,Realme Note 28,4237279.0,8.0,128.0,6.1,12.0,4000.0,android,2019.0
realme,Realme Note 28,14439693.0,16.0,256.0,6.7,12.0,4000.0,android,2019.0
realme,Realme Note 29,10062620.0,12.0,256.0,6.8,64.0,6000.0,android,2020.0
realme,Realme Note 29,15263465.0,12.0,256.0,6.7,50.0,4000.0,android,2020.0
realme,Realme Note 30,17264062.0,16.0,512.0,6.1,64.0,5000.0,android,2022.0
realme,Realme Note 30,6779277.0,8.0,256.0,6.8,108.0,4000.0,android,2019.0
realme,Realme Note 30,9660168.0,8.0,256.0,5.5,50.0,5000.0,android,2024.0
realme,Realme Note 5,19897555.0,4.0,64.0,6.4,50.0,4000.0,android,2019.0
realme,Realme Note 5,15253946.0,6.0,512.0,6.5,48.0,5000.0,android,2022.0
realme,Realme Note 5,19825594.0,8.0,256.0,6.4,108.0,6000.0,android,2020.0
realme,Realme Note 6,5528167.0,4.0,256.0,6.4,108.0,5000.0,android,2023.0
realme,Realme Note 7,10818303.0,6.0,128.0,6.7,48.0,4000.0,android,2024.0
realme,Realme Note 8,16362657.0,6.0,512.0,6.1,108.0,5000.0,android,2020.0
realme,Realme Note 9,7506925.0,6.0,512.0,6.8,64.0,4000.0,android,2021.0
realme,Realme Pro 10,17017365.0,8.0,256.0,6.7,12.0,4000.0,android,2021.0
realme,Realme Pro 11,18617484.0,4.0,128.0,5.5,64.0,4000.0,android,2022.0
realme,Realme Pro 12,18887834.0,6.0,256.0,6.8,12.0,6000.0,android,2020.0
realme,Realme Pro 12,20130131.0,4.0,256.0,5.5,108.0,4500.0,android,2020.0
realme,Realme Pro 14,17813919.0,8.0,512.0,6.5,12.0,4500.0,android,2019.0
realme,Realme Pro 18,14076457.0,16.0,256.0,6.8,50.0,6000.0,android,2023.0
realme,Realme Pro 18,7044421.0,8.0,512.0,6.8,108.0,4000.0,android,2020.0
realme,Realme Pro 18,5901275.0,6.0,256.0,6.5,50.0,4000.0,android,2023.0
realme,Realme Pro 18,13971670.0,16.0,512.0,5.5,64.0,4500.0,android,2021.0
realme,Realme Pro 21,6904008.0,12.0,256.0,6.8,64.0,5000.0,android,2022.0
realme,Realme Pro 22,14547695.0,12.0,256.0,5.5,12.0,4000.0,android,2020.0
realme,Realme Pro 23,6187084.0,6.0,128.0,6.7,48.0,4000.0,android,2020.0
realme,Realme Pro 25,8178293.0,16.0,512.0,6.8,12.0,6000.0,android,2021.0
realme,Realme Pro 25,23079442.0,16.0,128.0,5.5,48.0,4000.0,android,2020.0
realme,Realme Pro 26,6688030.0,12.0,256.0,6.5,12.0,6000.0,android,2024.0
realme,Realme Pro 27,21855150.0,8.0,256.0,6.8,50.0,6000.0,android,2020.0
realme,Realme Pro 28,21518192.0,6.0,64.0,6.7,48.0,4500.0,android,2022.0
realme,Realme Pro 29,14699576.0,12.0,64.0,6.7,50.0,4500.0,android,2023.0
realme,Realme Pro 29,14974339.0,12.0,512.0,6.8,48.0,4000.0,android,2019.0
realme,Realme Pro 30,17395387.0,16.0,64.0,6.5,50.0,5000.0,android,2023.0
realme,Realme Pro 5,21921655.0,12.0,256.0,6.7,108.0,4000.0,android,2022.0
realme,Realme Pro 7,2172249.0,12.0,256.0,6.7,50.0,4500.0,android,2023.0
realme,Realme Pro 8,8160880.0,6.0,64.0,6.4,12.0,4500.0,android,2021.0
realme,Realme Ultra 11,11028722.0,16.0,64.0,5.5,12.0,4500.0,android,2024.0
realme,Realme Ultra 11,2215478.0,16.0,256.0,6.4,108.0,4000.0,android,2020.0
realme,Realme Ultra 11,10749075.0,6.0,256.0,6.5,50.0,6000.0,android,2023.0
realme,Realme Ultra 13,18699830.0,8.0,256.0,5.5,50.0,5000.0,android,2019.0
realme,Realme Ultra 13,20527337.0,4.0,256.0,5.5,64.0,5000.0,android,2023.0
realme,Realme Ultra 14,4076440.0,16.0,512.0,6.1,108.0,4000.0,android,2022.0
realme,Realme Ultra 14,12059492.0,6.0,512.0,6.5,64.0,4000.0,android,2021.0
realme,Realme Ultra 14,18840190.0,12.0,512.0,5.5,50.0,5000.0,android,2024.0
realme,Realme Ultra 15,8457311.0,12.0,64.0,6.4,48.0,6000.0,android,2020.0
realme,Realme Ultra 16,6675445.0,4.0,128.0,6.7,108.0,4500.0,android,2021.0
realme,Realme Ultra 16,23427886.0,12.0,64.0,6.4,12.0,6000.0,android,2021.0
realme,Realme Ultra 16,8883818.0,4.0,128.0,6.5,64.0,5000.0,android,2022.0
realme,Realme Ultra 17,4420963.0,6.0,128.0,6.1,64.0,4500.0,android,2024.0
realme,Realme Ultra 18,15859221.0,12.0,256.0,6.1,12.0,4500.0,android,2024.0
realme,Realme Ultra 19,8778668.0,6.0,512.0,6.8,64.0,4500.0,android,2020.0
realme,Realme Ultra 20,18754387.0,6.0,512.0,6.4,108.0,6000.0,android,2024.0
realme,Realme Ultra 22,8370325.0,12.0,512.0,5.5,64.0,6000.0,android,2023.0
realme,Realme Ultra 23,23530037.0,8.0,512.0,6.1,12.0,6000.0,android,2023.0
realme,Realme Ultra 25,15125326.0,12.0,128.0,5.5,108.0,4500.0,android,2023.0
realme,Realme Ultra 25,1543848.0,12.0,512.0,6.1,48.0,4500.0,android,2020.0
realme,Realme Ultra 25,21232763.0,12.0,512.0,6.5,12.0,4500.0,android,2023.0
realme,Realme Ultra 26,5753547.0,6.0,256.0,6.7,12.0,5000.0,android,2022.0
realme,Realme Ultra 27,12913883.0,8.0,256.0,6.7,12.0,4500.0,android,2022.0
realme,Realme Ultra 30,20152446.0,16.0,128.0,6.8,64.0,5000.0,android,2021.0
realme,Realme Ultra 30,17919919.0,8.0,64.0,6.7,64.0,5000.0,android,2023.0
realme,Realme Ultra 30,5282924.0,12.0,64.0,6.7,64.0,4000.0,android,2021.0
realme,Realme Ultra 5,3857566.0,4.0,256.0,5.5,108.0,6000.0,android,2019.0
realme,Realme Ultra 6,17223212.0,8.0,64.0,6.7,50.0,4500.0,android,2021.0
realme,Realme Ultra 7,8688113.0,8.0,64.0,6.1,12.0,4500.0,android,2022.0
realme,Realme Ultra 8,5851303.0,16.0,64.0,6.1,50.0,4500.0,android,2020.0
realme,Realme Ultra 8,10582579.0,16.0,128.0,6.1,108.0,4000.0,android,2020.0
realme,Realme Ultra 9,18859573.0,6.0,64.0,6.4,50.0,6000.0,android,2022.0
samsung,Samsung Max 10,18839355.0,4.0,512.0,5.5,50.0,6000.0,android,2020.0
samsung,Samsung Max 12,5388186.0,16.0,256.0,6.5,50.0,4000.0,android,2019.0
samsung,Samsung Max 14,11392563.0,6.0,64.0,6.4,64.0,4500.0,android,2022.0
samsung,Samsung Max 14,8625381.0,12.0,256.0,6.8,50.0,4000.0,android,2023.0
samsung,Samsung Max 16,13957467.0,12.0,64.0,5.5,50.0,6000.0,android,2020.0
samsung,Samsung Max 16,11941512.0,12.0,128.0,6.7,12.0,5000.0,android,2019.0
samsung,Samsung Max 17,19005580.0,16.0,256.0,5.5,48.0,6000.0,android,2021.0
samsung,Samsung Max 18,2363295.0,12.0,256.0,6.1,12.0,5000.0,android,2019.0
samsung,Samsung Max 18,6767320.0,8.0,512.0,6.7,48.0,5000.0,android,2023.0
samsung,Samsung Max 18,21222536.0,12.0,128.0,5.5,108.0,4000.0,android,2023.0
samsung,Samsung Max 18,21006863.0,16.0,128.0,6.4,12.0,4000.0,android,2020.0
samsung,Samsung Max 20,12339030.0,8.0,512.0,5.5,108.0,4500.0,android,2023.0
samsung,Samsung Max 20,15573726.0,12.0,256.0,5.5,48.0,4000.0,android,2021.0
samsung,Samsung Max 22,9529787.0,4.0,512.0,6.7,12.0,6000.0,android,2024.0
samsung,Samsung Max 23,10595253.0,4.0,512.0,6.1,64.0,4500.0,android,2024.0
samsung,Samsung Max 24,24283873.0,8.0,128.0,6.4,108.0,5000.0,android,2022.0
samsung,Samsung Max 24,2913167.0,8.0,128.0,6.5,108.0,4500.0,android,2020.0
samsung,Samsung Max 24,12193503.0,12.0,256.0,6.4,12.0,6000.0,android,2022.0
samsung,Samsung Max 25,15252644.0,12.0,512.0,6.1,12.0,4500.0,android,2021.0
samsung,Samsung Max 25,18491146.0,4.0,128.0,6.4,108.0,4500.0,android,2019.0
samsung,Samsung Max 26,14950161.0,12.0,512.0,5.5,50.0,6000.0,android,2021.0
samsung,Samsung Max 26,23051763.0,4.0,512.0,6.5,48.0,4000.0,android,2019.0
samsung,Samsung Max 28,13219219.0,4.0,64.0,6.7,48.0,6000.0,android,2021.0
samsung,Samsung Max 28,21458925.0,4.0,256.0,6.8,12.0,4500.0,android,2020.0
samsung,Samsung Max 29,24261645.0,16.0,512.0,6.7,64.0,6000.0,android,2023.0
samsung,Samsung Max 30,11718028.0,8.0,128.0,5.5,12.0,5000.0,android,2022.0
samsung,Samsung Max 30,3866755.0,8.0,256.0,6.7,64.0,4500.0,android,2023.0
samsung,Samsung Max 30,1987608.0,6.0,512.0,6.1,64.0,6000.0,android,2021.0
samsung,Samsung Max 5,15247695.0,8.0,256.0,5.5,50.0,4500.0,android,2019.0
samsung,Samsung Max 5,18642958.0,8.0,128.0,6.4,64.0,6000.0,android,2021.0
samsung,Samsung Max 6,13745538.0,16.0,512.0,5.5,48.0,4000.0,android,2019.0
samsung,Samsung Max 7,21033265.0,6.0,512.0,6.7,12.0,5000.0,android,2023.0
samsung,Samsung Note 15,9414993.0,16.0,64.0,6.1,48.0,5000.0,android,2019.0
samsung,Samsung Note 15,15426365.0,6.0,128.0,6.1,64.0,4000.0,android,2019.0
samsung,Samsung Note 16,10835276.0,12.0,256.0,6.4,50.0,6000.0,android,2023.0
samsung,Samsung Note 17,1609969.0,4.0,128.0,6.4,12.0,6000.0,android,2023.0
samsung,Samsung Note 17,17552103.0,16.0,64.0,5.5,108.0,4000.0,android,2020.0
samsung,Samsung Note 19,16161072.0,16.0,64.0,6.5,108.0,6000.0,android,2023.0
samsung,Samsung Note 20,11989537.0,12.0,512.0,6.5,48.0,5000.0,android,2022.0
samsung,Samsung Note 21,14835439.0,12.0,128.0,5.5,12.0,6000.0,android,2020.0
samsung,Samsung Note 22,4749255.0,6.0,64.0,6.8,12.0,5000.0,android,2022.0
samsung,Samsung Note 22,6086585.0,6.0,128.0,6.5,12.0,5000.0,android,2022.0
samsung,Samsung Note 23,8749452.0,6.0,256.0,5.5,48.0,4000.0,android,2023.0
samsung,Samsung Note 23,24060437.0,8.0,512.0,6.7,48.0,6000.0,android,2019.0
samsung,Samsung Note 25,15516033.0,6.0,128.0,6.8,50.0,5000.0,android,2023.0
samsung,Samsung Note 25,9121191.0,16.0,64.0,6.5,12.0,4500.0,android,2020.0
samsung,Samsung Note 27,18589276.0,12.0,64.0,6.1,64.0,4500.0,android,2023.0
samsung,Samsung Note 28,6923289.0,6.0,512.0,5.5,12.0,4000.0,android,2019.0
samsung,Samsung Note 28,6659704.0,8.0,512.0,6.7,50.0,4500.0,android,2022.0
samsung,Samsung Note 29,24208109.0,6.0,256.0,6.4,12.0,5000.0,android,2020.0
samsung,Samsung Note 29,2453928.0,8.0,256.0,6.8,50.0,5000.0,android,2021.0
samsung,Samsung Note 5,19876000.0,8.0,512.0,6.5,12.0,4000.0,android,2022.0
samsung,Samsung Note 5,12619391.0,4.0,64.0,5.5,108.0,4000.0,android,2021.0
samsung,Samsung Note 6,22245436.0,6.0,512.0,6.8,64.0,4500.0,android,2024.0
samsung,Samsung Note 8,9638947.0,4.0,128.0,6.7,12.0,5000.0,android,2019.0
samsung,Samsung Pro 10,15654532.0,4.0,128.0,6.5,50.0,4000.0,android,2023.0
samsung,Samsung Pro 13,16550691.0,4.0,128.0,6.7,64.0,5000.0,android,2023.0
samsung,Samsung Pro 15,23057180.0,4.0,128.0,6.8,12.0,6000.0,android,2022.0
samsung,Samsung Pro 17,14335313.0,4.0,512.0,6.1,48.0,6000.0,android,2021.0
samsung,Samsung Pro 17,3482554.0,6.0,512.0,6.8,50.0,4000.0,android,2024.0
samsung,Samsung Pro 17,17417565.0,6.0,256.0,6.5,48.0,4000.0,android,2022.0
samsung,Samsung Pro 20,21950082.0,16.0,256.0,6.5,108.0,4500.0,android,2021.0
samsung,Samsung Pro 21,8342812.0,12.0,128.0,6.4,12.0,4500.0,android,2022.0
samsung,Samsung Pro 21,6188913.0,12.0,256.0,6.8,48.0,4500.0,android,2019.0
samsung,Samsung Pro 21,12078392.0,12.0,64.0,5.5,64.0,6000.0,android,2019.0
samsung,Samsung Pro 22,21957828.0,12.0,128.0,6.5,12.0,6000.0,android,2024.0
samsung,Samsung Pro 22,18105759.0,16.0,64.0,6.7,12.0,4000.0,android,2023.0
samsung,Samsung Pro 23,22315129.0,8.0,256.0,5.5,12.0,4000.0,android,2024.0
samsung,Samsung Pro 25,14798198.0,6.0,256.0,6.7,108.0,4000.0,android,2022.0
samsung,Samsung Pro 25,17631617.0,6.0,256.0,6.4,48.0,5000.0,android,2023.0
samsung,Samsung Pro 25,21946284.0,16.0,64.0,6.5,12.0,4000.0,android,2022.0
samsung,Samsung Pro 26,19431235.0,4.0,64.0,6.1,64.0,5000.0,android,2022.0
samsung,Samsung Pro 27,8078234.0,16.0,128.0,6.1,108.0,5000.0,android,2024.0
samsung,Samsung Pro 27,21828750.0,8.0,128.0,5.5,48.0,6000.0,android,2020.0
samsung,Samsung Pro 29,23841161.0,6.0,64.0,6.8,12.0,6000.0,android,2021.0
samsung,Samsung Pro 29,22680434.0,12.0,128.0,6.1,108.0,4000.0,android,2019.0
samsung,Samsung Pro 30,8897920.0,12.0,512.0,6.4,108.0,5000.0,android,2022.0
samsung,Samsung Pro 5,8222336.0,16.0,64.0,6.4,48.0,4000.0,android,2021.0
samsung,Samsung Pro 6,7226949.0,12.0,256.0,6.8,48.0,6000.0,android,2023.0
samsung,Samsung Pro 9,16099252.0,6.0,128.0,6.8,64.0,4500.0,android,2020.0
samsung,Samsung Pro 9,3240576.0,4.0,64.0,6.4,108.0,6000.0,android,2021.0
samsung,Samsung Pro 9,6833387.0,6.0,256.0,6.8,12.0,6000.0,android,2019.0
samsung,Samsung Ultra 10,20134627.0,12.0,256.0,6.5,50.0,6000.0,android,2023.0
samsung,Samsung Ultra 12,19406951.0,16.0,512.0,6.8,108.0,4000.0,android,2023.0
samsung,Samsung Ultra 14,19887641.0,4.0,512.0,6.5,64.0,4500.0,android,2023.0
samsung,Samsung Ultra 14,3984532.0,8.0,128.0,6.4,48.0,6000.0,android,2022.0
samsung,Samsung Ultra 18,1524570.0,8.0,128.0,6.8,64.0,5000.0,android,2023.0
samsung,Samsung Ultra 20,4233694.0,16.0,256.0,5.5,64.0,6000.0,android,2021.0
samsung,Samsung Ultra 20,14128594.0,4.0,128.0,6.1,12.0,4000.0,android,2019.0
samsung,Samsung Ultra 24,9901631.0,12.0,64.0,6.4,12.0,4500.0,android,2024.0
samsung,Samsung Ultra 25,15978806.0,6.0,256.0,6.8,48.0,5000.0,android,2019.0
samsung,Samsung Ultra 26,18178686.0,4.0,512.0,6.1,108.0,4000.0,android,2023.0
samsung,Samsung Ultra 26,3237894.0,8.0,64.0,6.8,48.0,5000.0,android,2023.0
samsung,Samsung Ultra 26,9632018.0,16.0,128.0,6.7,108.0,6000.0,android,2023.0
samsung,Samsung Ultra 26,18079343.0,16.0,512.0,6.8,50.0,6000.0,android,2021.0
samsung,Samsung Ultra 26,11207804.0,12.0,256.0,6.1,64.0,4000.0,android,2021.0
samsung,Samsung Ultra 28,12168074.0,4.0,512.0,6.1,50.0,6000.0,android,2021.0
samsung,Samsung Ultra 28,6627638.0,4.0,256.0,6.5,108.0,6000.0,android,2020.0
samsung,Samsung Ultra 7,1855991.0,8.0,128.0,6.5,64.0,6000.0,android,2023.0
samsung,Samsung Ultra 8,18248769.0,6.0,64.0,6.4,48.0,5000.0,android,2019.0
samsung,Samsung Ultra 9,14580784.0,12.0,64.0,6.7,50.0,4000.0,android,2022.0
vivo,Vivo Max 10,15801842.0,16.0,128.0,6.8,50.0,5000.0,android,2020.0
vivo,Vivo Max 12,15990864.0,16.0,128.0,6.8,12.0,4500.0,android,2019.0
vivo,Vivo Max 13,13211798.0,16.0,128.0,6.7,48.0,5000.0,android,2019.0
vivo,Vivo Max 15,14848840.0,4.0,64.0,6.5,48.0,6000.0,android,2020.0
vivo,Vivo Max 16,13062991.0,4.0,512.0,6.4,108.0,6000.0,android,2020.0
vivo,Vivo Max 17,23858993.0,16.0,64.0,5.5,108.0,4500.0,android,2019.0
vivo,Vivo Max 17,19336961.0,6.0,512.0,6.5,12.0,4000.0,android,2021.0
vivo,Vivo Max 18,12718450.0,12.0,256.0,6.1,48.0,6000.0,android,2020.0
vivo,Vivo Max 20,8483654.0,16.0,512.0,6.7,12.0,4500.0,android,2023.0
vivo,Vivo Max 20,24295423.0,6.0,64.0,6.8,12.0,6000.0,android,2019.0
vivo,Vivo Max 20,17161206.0,8.0,128.0,5.5,64.0,4000.0,android,2024.0
vivo,Vivo Max 22,6403617.0,12.0,64.0,6.4,12.0,4000.0,android,2024.0
vivo,Vivo Max 22,8808804.0,12.0,128.0,6.8,48.0,5000.0,android,2022.0
vivo,Vivo Max 22,24818356.0,6.0,128.0,6.1,108.0,6000.0,android,2020.0
vivo,Vivo Max 23,19306399.0,6.0,128.0,6.4,108.0,6000.0,android,2022.0
vivo,Vivo Max 23,7956105.0,6.0,512.0,5.5,64.0,5000.0,android,2022.0
vivo,Vivo Max 23,22106182.0,4.0,64.0,6.7,48.0,6000.0,android,2023.0
vivo,Vivo Max 25,8762609.0,16.0,256.0,6.5,12.0,4000.0,android,2023.0
vivo,Vivo Max 25,23656448.0,16.0,512.0,6.8,50.0,4500.0,android,2022.0
vivo,Vivo Max 28,23199905.0,4.0,256.0,5.5,64.0,6000.0,android,2022.0
vivo,Vivo Max 28,8760117.0,6.0,512.0,6.4,108.0,4000.0,android,2022.0
vivo,Vivo Max 29,11754999.0,8.0,64.0,6.5,48.0,4500.0,android,2019.0
vivo,Vivo Max 5,11294002.0,12.0,512.0,6.1,64.0,6000.0,android,2019.0
vivo,Vivo Max 5,6438133.0,16.0,128.0,6.5,12.0,4000.0,android,2021.0
vivo,Vivo Max 5,23061947.0,12.0,128.0,6.1,108.0,6000.0,android,2019.0
vivo,Vivo Max 5,8852580.0,4.0,64.0,6.5,108.0,5000.0,android,2023.0
vivo,Vivo Max 7,17475120.0,8.0,64.0,6.1,12.0,4500.0,android,2023.0
vivo,Vivo Max 7,2076163.0,12.0,128.0,6.5,12.0,5000.0,android,2020.0
vivo,Vivo Max 7,23315535.0,6.0,64.0,6.5,48.0,4500.0,android,2023.0
vivo,Vivo Max 8,13461216.0,12.0,512.0,6.4,50.0,4000.0,android,2021.0
vivo,Vivo Max 9,7156708.0,8.0,512.0,6.5,108.0,6000.0,android,2020.0
vivo,Vivo Max 9,5715418.0,16.0,256.0,6.1,48.0,6000.0,android,2022.0
vivo,Vivo Note 10,16942759.0,4.0,64.0,5.5,48.0,4500.0,android,2019.0
vivo,Vivo Note 11,9881053.0,12.0,128.0,6.8,50.0,6000.0,android,2021.0
vivo,Vivo Note 11,23523848.0,8.0,128.0,6.7,12.0,4500.0,android,2021.0
vivo,Vivo Note 11,20165495.0,6.0,256.0,6.4,48.0,4000.0,android,2023.0
vivo,Vivo Note 12,8666064.0,8.0,128.0,6.4,50.0,5000.0,android,2022.0
vivo,Vivo Note 13,3194283.0,12.0,256.0,6.7,64.0,6000.0,android,2019.0
vivo,Vivo Note 13,5219669.0,16.0,64.0,6.8,108.0,6000.0,android,2020.0
vivo,Vivo Note 16,16469521.0,6.0,64.0,6.7,64.0,5000.0,android,2021.0
vivo,Vivo Note 16,1937352.0,8.0,64.0,6.7,108.0,4000.0,android,2024.0
vivo,Vivo Note 19,9701677.0,16.0,128.0,6.5,12.0,5000.0,android,2024.0
vivo,Vivo Note 20,24872568.0,12.0,512.0,5.5,108.0,5000.0,android,2024.0
vivo,Vivo Note 21,17543198.0,16.0,512.0,6.4,48.0,6000.0,android,2019.0
vivo,Vivo Note 21,24642910.0,4.0,64.0,6.4,48.0,4000.0,android,2021.0
vivo,Vivo Note 21,11806922.0,8.0,512.0,6.7,50.0,4500.0,android,2019.0
vivo,Vivo Note 23,12680260.0,12.0,64.0,6.5,108.0,4500.0,android,2021.0
vivo,Vivo Note 24,22332523.0,6.0,256.0,6.5,50.0,5000.0,android,2021.0
vivo,Vivo Note 24,7066102.0,4.0,128.0,6.4,50.0,4500.0,android,2023.0
vivo,Vivo Note 26,4781927.0,4.0,64.0,6.4,64.0,6000.0,android,2023.0
vivo,Vivo Note 7,2293427.0,8.0,512.0,6.4,48.0,4500.0,android,2021.0
vivo,Vivo Note 9,4770379.0,4.0,512.0,6.8,64.0,4000.0,android,2019.0
vivo,Vivo Note 9,24898026.0,8.0,512.0,6.7,12.0,5000.0,android,2020.0
vivo,Vivo Note 9,13689700.0,4.0,128.0,6.4,108.0,4500.0,android,2023.0
vivo,Vivo Pro 10,20530582.0,8.0,64.0,6.7,48.0,4500.0,android,2019.0
vivo,Vivo Pro 10,9802276.0,8.0,256.0,6.5,48.0,6000.0,android,2020.0
vivo,Vivo Pro 11,8655493.0,8.0,64.0,6.8,64.0,5000.0,android,2021.0
vivo,Vivo Pro 13,16874135.0,6.0,64.0,6.8,64.0,4500.0,android,2020.0
vivo,Vivo Pro 14,24902356.0,12.0,64.0,6.8,12.0,4000.0,android,2019.0
vivo,Vivo Pro 16,11048595.0,6.0,512.0,5.5,48.0,4000.0,android,2021.0
vivo,Vivo Pro 16,11804628.0,4.0,64.0,6.8,50.0,4500.0,android,2021.0
vivo,Vivo Pro 16,4309809.0,12.0,64.0,5.5,48.0,4000.0,android,2019.0
vivo,Vivo Pro 19,14208269.0,4.0,512.0,6.8,50.0,5000.0,android,2022.0
vivo,Vivo Pro 19,21961694.0,8.0,64.0,5.5,48.0,4000.0,android,2022.0
vivo,Vivo Pro 20,5942946.0,4.0,256.0,6.7,50.0,4000.0,android,2023.0
vivo,Vivo Pro 20,4335923.0,16.0,128.0,6.8,50.0,4000.0,android,2020.0
vivo,Vivo Pro 21,10116392.0,4.0,64.0,6.5,108.0,5000.0,android,2023.0
vivo,Vivo Pro 23,21423889.0,6.0,128.0,6.7,12.0,6000.0,android,2019.0
vivo,Vivo Pro 23,21597718.0,8.0,512.0,6.1,50.0,6000.0,android,2021.0
vivo,Vivo Pro 23,16013329.0,8.0,128.0,6.7,108.0,4000.0,android,2020.0
vivo,Vivo Pro 23,20603075.0,8.0,64.0,6.7,12.0,4500.0,android,2024.0
vivo,Vivo Pro 24,18966488.0,16.0,512.0,6.8,50.0,5000.0,android,2020.0
vivo,Vivo Pro 25,14702665.0,6.0,512.0,5.5,48.0,5000.0,android,2021.0
vivo,Vivo Pro 27,21281333.0,8.0,512.0,5.5,48.0,5000.0,android,2023.0
vivo,Vivo Pro 28,17888050.0,8.0,512.0,6.1,48.0,4000.0,android,2019.0
vivo,Vivo Pro 28,21738855.0,16.0,256.0,6.1,108.0,6000.0,android,2023.0
vivo,Vivo Pro 28,2569620.0,12.0,512.0,6.8,64.0,4000.0,android,2023.0
vivo,Vivo Pro 29,21417593.0,4.0,64.0,6.5,12.0,6000.0,android,2022.0
vivo,Vivo Pro 29,7297723.0,12.0,256.0,6.7,50.0,4000.0,android,2024.0
vivo,Vivo Pro 30,19926034.0,16.0,64.0,6.5,64.0,5000.0,android,2024.0
vivo,Vivo Pro 5,4970315.0,4.0,256.0,6.1,12.0,4000.0,android,2021.0
vivo,Vivo Pro 5,18250821.0,6.0,64.0,6.5,108.0,6000.0,android,2022.0
vivo,Vivo Pro 6,7113981.0,8.0,64.0,6.1,48.0,4500.0,android,2019.0
vivo,Vivo Pro 7,8933014.0,12.0,128.0,6.5,50.0,4000.0,android,2020.0
vivo,Vivo Ultra 12,20788853.0,16.0,512.0,6.1,108.0,5000.0,android,2020.0
vivo,Vivo Ultra 13,9089429.0,6.0,512.0,6.8,48.0,6000.0,android,2022.0
vivo,Vivo Ultra 13,16249626.0,6.0,512.0,6.7,50.0,4000.0,android,2023.0
vivo,Vivo Ultra 14,2671752.0,16.0,512.0,6.8,50.0,5000.0,android,2020.0
vivo,Vivo Ultra 15,2185359.0,16.0,256.0,6.5,50.0,5000.0,android,2022.0
vivo,Vivo Ultra 15,10385010.0,12.0,128.0,6.7,48.0,4500.0,android,2019.0
vivo,Vivo Ultra 18,24425431.0,16.0,256.0,6.7,108.0,5000.0,android,2023.0
vivo,Vivo Ultra 18,24088342.0,6.0,128.0,6.5,48.0,5000.0,android,2023.0
vivo,Vivo Ultra 18,18228986.0,4.0,128.0,6.5,108.0,6000.0,android,2020.0
vivo,Vivo Ultra 20,5340081.0,4.0,64.0,6.4,12.0,4000.0,android,2020.0
vivo,Vivo Ultra 20,17669319.0,16.0,256.0,6.4,48.0,4500.0,android,2023.0
vivo,Vivo Ultra 20,13351314.0,16.0,64.0,6.8,50.0,6000.0,android,2022.0
vivo,Vivo Ultra 22,24192734.0,4.0,128.0,6.1,64.0,6000.0,android,2024.0
vivo,Vivo Ultra 23,18788759.0,12.0,128.0,6.7,64.0,5000.0,android,2020.0
vivo,Vivo Ultra 25,21541669.0,6.0,64.0,6.7,64.0,4500.0,android,2021.0
vivo,Vivo Ultra 25,9472567.0,6.0,128.0,5.5,50.0,5000.0,android,2020.0
vivo,Vivo Ultra 27,15270203.0,16.0,512.0,6.4,12.0,4000.0,android,2022.0
vivo,Vivo Ultra 29,10382846.0,16.0,256.0,6.4,12.0,4000.0,android,2020.0
vivo,Vivo Ultra 5,17650455.0,16.0,64.0,6.5,64.0,4000.0,android,2022.0
vivo,Vivo Ultra 5,24422921.0,6.0,64.0,6.5,64.0,5000.0,android,2022.0
vivo,Vivo Ultra 5,9927049.0,6.0,64.0,5.5,50.0,6000.0,android,2023.0
vivo,Vivo Ultra 7,19779688.0,16.0,512.0,6.7,50.0,4000.0,android,2019.0
vivo,Vivo Ultra 7,15015792.0,12.0,256.0,6.7,108.0,5000.0,android,2020.0
vivo,Vivo Ultra 7,18009641.0,6.0,256.0,6.1,108.0,4000.0,android,2023.0
xiaomi,Xiaomi Max 10,17638872.0,16.0,128.0,6.8,48.0,6000.0,android,2019.0
xiaomi,Xiaomi Max 11,24988565.0,8.0,512.0,6.1,48.0,5000.0,android,2019.0
xiaomi,Xiaomi Max 18,8048529.0,4.0,512.0,6.4,48.0,4500.0,android,2020.0
xiaomi,Xiaomi Max 18,12420823.0,16.0,128.0,5.5,108.0,4500.0,android,2020.0
xiaomi,Xiaomi Max 19,24572446.0,4.0,128.0,6.4,108.0,5000.0,android,2019.0
xiaomi,Xiaomi Max 19,8635712.0,16.0,128.0,6.1,64.0,4000.0,android,2021.0
xiaomi,Xiaomi Max 20,8671699.0,8.0,512.0,6.4,108.0,6000.0,android,2023.0
xiaomi,Xiaomi Max 20,8821294.0,8.0,64.0,6.5,64.0,4500.0,android,2023.0
xiaomi,Xiaomi Max 21,13963423.0,4.0,256.0,6.8,64.0,4000.0,android,2023.0
xiaomi,Xiaomi Max 21,7767626.0,12.0,512.0,6.4,108.0,6000.0,android,2022.0
xiaomi,Xiaomi Max 22,14451135.0,8.0,256.0,6.1,48.0,4000.0,android,2019.0
xiaomi,Xiaomi Max 24,17203595.0,16.0,128.0,6.4,50.0,4500.0,android,2019.0
xiaomi,Xiaomi Max 24,22483365.0,6.0,64.0,5.5,12.0,5000.0,android,2024.0
xiaomi,Xiaomi Max 28,2509727.0,12.0,128.0,6.8,48.0,6000.0,android,2024.0
xiaomi,Xiaomi Max 29,14095432.0,8.0,512.0,6.1,48.0,4000.0,android,2023.0
xiaomi,Xiaomi Max 9,12963591.0,16.0,512.0,6.1,108.0,4500.0,android,2024.0
xiaomi,Xiaomi Note 10,18099719.0,8.0,512.0,6.7,12.0,4000.0,android,2021.0
xiaomi,Xiaomi Note 11,3400434.0,12.0,64.0,6.7,108.0,4000.0,android,2020.0
xiaomi,Xiaomi Note 13,11559235.0,12.0,512.0,6.8,12.0,5000.0,android,2022.0
xiaomi,Xiaomi Note 16,12326361.0,12.0,512.0,6.4,108.0,5000.0,android,2020.0
xiaomi,Xiaomi Note 17,24092656.0,4.0,256.0,6.7,48.0,4500.0,android,2022.0
xiaomi,Xiaomi Note 17,12560660.0,6.0,512.0,6.8,48.0,6000.0,android,2020.0
xiaomi,Xiaomi Note 18,3797812.0,16.0,128.0,6.8,50.0,6000.0,android,2019.0
xiaomi,Xiaomi Note 18,8785589.0,4.0,64.0,6.1,48.0,6000.0,android,2024.0
xiaomi,Xiaomi Note 18,16961787.0,8.0,512.0,5.5,48.0,5000.0,android,2019.0
xiaomi,Xiaomi Note 18,23502316.0,12.0,64.0,5.5,108.0,5000.0,android,2021.0
xiaomi,Xiaomi Note 19,14507246.0,12.0,128.0,6.8,108.0,4500.0,android,2021.0
xiaomi,Xiaomi Note 21,1841971.0,6.0,64.0,6.1,12.0,6000.0,android,2019.0
xiaomi,Xiaomi Note 21,13519693.0,6.0,256.0,6.7,64.0,6000.0,android,2021.0
xiaomi,Xiaomi Note 23,13305789.0,4.0,512.0,6.4,12.0,5000.0,android,2023.0
xiaomi,Xiaomi Note 26,10910184.0,4.0,64.0,6.7,50.0,4500.0,android,2022.0
xiaomi,Xiaomi Note 26,4712132.0,6.0,64.0,6.4,64.0,4000.0,android,2023.0
xiaomi,Xiaomi Note 26,6603944.0,6.0,512.0,6.7,12.0,4000.0,android,2022.0
xiaomi,Xiaomi Note 26,22410487.0,12.0,512.0,6.7,48.0,4500.0,android,2020.0
xiaomi,Xiaomi Note 27,1722987.0,12.0,512.0,6.7,48.0,4500.0,android,2019.0
xiaomi,Xiaomi Note 28,24039907.0,6.0,128.0,5.5,48.0,4500.0,android,2022.0
xiaomi,Xiaomi Note 28,19172150.0,16.0,256.0,6.8,48.0,5000.0,android,2023.0
xiaomi,Xiaomi Note 6,3564421.0,6.0,512.0,6.8,12.0,4000.0,android,2021.0
xiaomi,Xiaomi Note 9,18215765.0,12.0,256.0,6.4,64.0,6000.0,android,2024.0
xiaomi,Xiaomi Pro 10,24004211.0,6.0,64.0,6.4,48.0,6000.0,android,2020.0
xiaomi,Xiaomi Pro 10,15532190.0,16.0,128.0,6.5,48.0,6000.0,android,2021.0
xiaomi,Xiaomi Pro 17,24709767.0,8.0,512.0,6.4,48.0,4500.0,android,2021.0
xiaomi,Xiaomi Pro 18,8777003.0,8.0,64.0,5.5,50.0,4000.0,android,2019.0
xiaomi,Xiaomi Pro 19,14696451.0,16.0,512.0,6.8,64.0,6000.0,android,2022.0
xiaomi,Xiaomi Pro 19,7233255.0,6.0,128.0,6.7,64.0,4000.0,android,2023.0
xiaomi,Xiaomi Pro 20,22884761.0,8.0,64.0,6.8,12.0,6000.0,android,2019.0
xiaomi,Xiaomi Pro 21,16239610.0,6.0,128.0,6.1,108.0,5000.0,android,2021.0
xiaomi,Xiaomi Pro 21,23834566.0,12.0,512.0,6.1,50.0,5000.0,android,2022.0
xiaomi,Xiaomi Pro 23,2229648.0,4.0,128.0,5.5,50.0,4000.0,android,2021.0
xiaomi,Xiaomi Pro 24,1672124.0,8.0,512.0,6.4,108.0,4000.0,android,2021.0
xiaomi,Xiaomi Pro 27,23735377.0,8.0,256.0,5.5,64.0,4500.0,android,2022.0
xiaomi,Xiaomi Pro 28,19509456.0,16.0,512.0,6.8,108.0,5000.0,android,2021.0
xiaomi,Xiaomi Pro 29,17070709.0,16.0,256.0,6.8,50.0,5000.0,android,2024.0
xiaomi,Xiaomi Pro 30,6801592.0,12.0,512.0,6.8,50.0,4500.0,android,2019.0
xiaomi,Xiaomi Pro 8,3831230.0,12.0,128.0,6.1,12.0,5000.0,android,2021.0
xiaomi,Xiaomi Ultra 10,20617618.0,8.0,128.0,6.4,64.0,5000.0,android,2024.0
xiaomi,Xiaomi Ultra 11,13832487.0,12.0,256.0,6.4,50.0,5000.0,android,2019.0
xiaomi,Xiaomi Ultra 12,10449575.0,6.0,512.0,6.8,12.0,4000.0,android,2019.0
xiaomi,Xiaomi Ultra 14,12797728.0,12.0,128.0,5.5,64.0,4500.0,android,2021.0
xiaomi,Xiaomi Ultra 15,10126023.0,4.0,256.0,5.5,12.0,6000.0,android,2019.0
xiaomi,Xiaomi Ultra 16,14824399.0,8.0,256.0,6.4,50.0,6000.0,android,2021.0
xiaomi,Xiaomi Ultra 18,20662668.0,8.0,128.0,6.8,50.0,4500.0,android,2023.0
xiaomi,Xiaomi Ultra 19,11064818.0,8.0,512.0,6.1,64.0,4000.0,android,2019.0
xiaomi,Xiaomi Ultra 19,13360094.0,12.0,64.0,6.5,108.0,5000.0,android,2023.0
xiaomi,Xiaomi Ultra 19,16720118.0,6.0,256.0,5.5,12.0,4500.0,android,2022.0
xiaomi,Xiaomi Ultra 20,6867923.0,8.0,64.0,6.8,64.0,4000.0,android,2023.0
xiaomi,Xiaomi Ultra 21,1681883.0,6.0,256.0,5.5,108.0,6000.0,android,2021.0
xiaomi,Xiaomi Ultra 21,16823532.0,16.0,512.0,6.5,50.0,6000.0,android,2022.0
xiaomi,Xiaomi Ultra 24,14489528.0,6.0,128.0,6.7,48.0,5000.0,android,2019.0
xiaomi,Xiaomi Ultra 24,21791061.0,8.0,256.0,6.8,12.0,4000.0,android,2019.0
xiaomi,Xiaomi Ultra 25,24946717.0,6.0,64.0,6.1,50.0,4000.0,android,2021.0
xiaomi,Xiaomi Ultra 26,21276331.0,12.0,128.0,6.8,12.0,4000.0,android,2022.0
xiaomi,Xiaomi Ultra 27,10816378.0,4.0,64.0,5.5,50.0,5000.0,android,2023.0
xiaomi,Xiaomi Ultra 28,21661360.0,4.0,512.0,6.4,12.0,4500.0,android,2024.0
xiaomi,Xiaomi Ultra 29,5711486.0,6.0,512.0,6.1,64.0,6000.0,android,2019.0
xiaomi,Xiaomi Ultra 5,8209176.0,4.0,512.0,6.8,64.0,4500.0,android,2024.0
xiaomi,Xiaomi Ultra 6,22461611.0,6.0,512.0,6.4,12.0,4500.0,android,2021.0
xiaomi,Xiaomi Ultra 7,9979176.0,6.0,64.0,6.7,48.0,4500.0,android,2024.0
xiaomi,Xiaomi Ultra 9,22493489.0,4.0,128.0,6.1,64.0,4000.0,android,2019.0
