Id_hp;Nama_hp;Brand;Harga;Ram;Memori_internal;Ukuran_layar;Resolusi_kamera;Kapasitas_baterai;Os;Rating_pengguna;Tahun_rilis;Stok_tersedia
1;Apple Max 10;Apple;15.015.201,00;12;256;5.5;48MP;4000;iOS;2.4;7/14/1905;TRUE
2;Apple Max 11;Apple;18.727.456,00;4;512;6.1;108MP;5000;iOS;4.4;9/15/2020;FALSE
3;Apple Max 14;Apple;6.526.745,00;16;128;6.8;108MP;4000;iOS;4.1;1/15/2024;TRUE
4;Apple Max 16;Apple;13.673.821,00;16;256;6.1;12MP;4000;iOS;4.6;1/16/2024;TRUE
5;Apple Max 16;Apple;14.212.345,00;4;256;6.5;12MP;4500;iOS;4.4;11/27/2019;TRUE
6;Apple Max 16;Apple;2.295.326,00;12;64;6.8;108MP;6000;iOS;5;7/10/2023;FALSE
7;Apple Max 18;Apple;10.540.534,00;6;256;6.8;48MP;4000;iOS;3.6;8/27/2023;FALSE
8;Apple Max 20;Apple;22.889.361,00;16;256;5.5;64MP;4000;iOS;3.7;5/31/2022;TRUE
9;Apple Max 22;Apple;5.677.986,00;12;256;6.1;12MP;4500;iOS;3.4;4/11/2020;TRUE
10;Apple Max 22;Apple;5.102.004,00;12;512;6.7;108MP;6000;iOS;3;8/28/2020;FALSE
11;Apple Max 22;Apple;13.155.180,00;4;256;6.7;50MP;4000;iOS;1.7;8/4/2021;FALSE
12;Apple Max 24;Apple;2.427.121,00;12;128;6.1;108MP;4500;iOS;1.7;11/28/2020;TRUE
13;Apple Max 25;Apple;5.585.970,00;8;512;6.7;48MP;6000;iOS;4;5/19/2022;TRUE
14;Apple Max 26;Apple;15.409.424,00;6;256;6.8;12MP;4000;iOS;4.2;4/14/2020;FALSE
15;Apple Max 26;Apple;8.469.482,00;16;256;5.5;50MP;4500;iOS;1.5;2/10/2020;FALSE
16;Apple Max 26;Apple;4.084.823,00;8;512;6.5;64MP;4000;iOS;3;9/5/2020;TRUE
17;Apple Max 27;Apple;14.366.350,00;16;64;6.1;48MP;4000;iOS;2.3;3/4/2021;FALSE
18;Apple Max 28;Apple;1.825.074,00;6;64;6.1;108MP;6000;iOS;1.7;11/28/2022;FALSE
19;Apple Max 28;Apple;8.449.640,00;6;128;5.5;12MP;4000;iOS;3.3;12/16/2023;TRUE
20;Apple Max 29;Apple;3.402.718,00;4;128;6.7;12MP;6000;iOS;1.6;1/2/2019;TRUE
21;Apple Max 30;Apple;10.411.362,00;6;256;5.5;48MP;4000;iOS;2.8;8/24/2019;FALSE
22;Apple Max 5;Apple;15.442.469,00;16;256;5.5;64MP;4000;iOS;4.4;5/31/2020;FALSE
23;Apple Max 5;Apple;17.123.941,00;16;128;6.4;50MP;4000;iOS;4.8;11/12/2019;TRUE
24;Apple Max 5;Apple;20.254.986,00;6;128;6.1;50MP;4500;iOS;1.4;2/18/2021;FALSE
25;Apple Max 5;Apple;9.280.860,00;6;256;6.8;50MP;4500;iOS;1.5;6/6/2023;TRUE
26;Apple Max 5;Apple;9.555.500,00;12;256;6.8;48MP;6000;iOS;4.8;3/3/2019;TRUE
27;Apple Max 9;Apple;12.141.033,00;6;256;6.5;50MP;4000;iOS;2.5;12/29/2022;FALSE
28;Apple Max 9;Apple;5.883.702,00;12;512;6.5;48MP;4000;iOS;2.1;4/4/2023;FALSE
29;Apple Note 10;Apple;20.053.217,00;4;128;5.5;12MP;6000;iOS;1.2;12/20/2019;TRUE
30;Apple Note 11;Apple;21.383.588,00;6;256;6.8;12MP;5000;iOS;3.2;4/8/2023;TRUE
31;Apple Note 12;Apple;10.016.953,00;12;512;6.5;48MP;6000;iOS;4.9;9/30/2019;FALSE
32;Apple Note 12;Apple;11.403.512,00;4;128;6.7;50MP;4500;iOS;1.2;4/21/2021;FALSE
33;Apple Note 13;Apple;2.227.853,00;8;512;6.7;108MP;4500;iOS;4.6;10/27/2020;FALSE
34;Apple Note 17;Apple;21.438.073,00;12;64;6.1;64MP;6000;iOS;1.2;12/27/2020;FALSE
35;Apple Note 17;Apple;3.170.962,00;16;512;6.5;12MP;4000;iOS;2.6;2/8/2024;TRUE
36;Apple Note 17;Apple;18.937.176,00;12;512;6.7;64MP;6000;iOS;2.6;12/10/2023;FALSE
37;Apple Note 18;Apple;7.876.796,00;16;512;6.8;12MP;5000;iOS;1.9;8/16/2020;TRUE
38;Apple Note 19;Apple;20.594.805,00;12;64;6.4;108MP;4000;iOS;1.5;3/9/2024;FALSE
39;Apple Note 21;Apple;15.024.026,00;16;128;6.7;64MP;5000;iOS;3.3;4/18/2023;FALSE
40;Apple Note 21;Apple;19.425.846,00;6;64;6.4;48MP;4500;iOS;1.6;11/28/2022;TRUE
41;Apple Note 23;Apple;24.700.285,00;6;64;6.8;12MP;4500;iOS;4.1;9/16/2021;FALSE
42;Apple Note 23;Apple;24.469.837,00;8;64;6.1;50MP;4500;iOS;3.2;7/5/2022;TRUE
43;Apple Note 27;Apple;16.924.171,00;16;128;6.1;108MP;4000;iOS;2;1/9/2019;FALSE
44;Apple Note 30;Apple;9.539.529,00;16;512;6.5;12MP;6000;iOS;4.1;4/12/2021;TRUE
45;Apple Note 30;Apple;13.864.284,00;4;512;6.8;108MP;4500;iOS;1.6;10/13/2021;TRUE
46;Apple Note 5;Apple;8.106.752,00;16;256;6.5;50MP;4000;iOS;3.4;2/19/2021;FALSE
47;Apple Note 6;Apple;7.653.125,00;4;128;6.5;108MP;5000;iOS;2.5;1/20/2023;TRUE
48;Apple Note 9;Apple;23.125.022,00;16;64;6.5;108MP;4000;iOS;2.1;7/5/2021;FALSE
49;Apple Pro 10;Apple;6.667.904,00;4;128;6.5;48MP;4000;iOS;3.4;2/29/2024;FALSE
50;Apple Pro 11;Apple;10.444.980,00;4;64;6.8;48MP;4500;iOS;2.3;3/19/2022;FALSE
51;Apple Pro 15;Apple;3.112.708,00;4;256;6.1;64MP;6000;iOS;4.4;9/16/2019;TRUE
52;Apple Pro 16;Apple;4.620.844,00;4;512;6.7;48MP;4000;iOS;1.5;1/11/2022;TRUE
53;Apple Pro 16;Apple;23.054.554,00;8;512;6.1;12MP;5000;iOS;2.6;12/23/2020;TRUE
54;Apple Pro 18;Apple;8.625.080,00;12;256;6.4;108MP;6000;iOS;1.5;9/2/2023;TRUE
55;Apple Pro 20;Apple;22.908.533,00;6;256;6.1;108MP;6000;iOS;3.3;3/22/2021;FALSE
56;Apple Pro 21;Apple;8.139.005,00;6;512;5.5;64MP;5000;iOS;1.6;2/11/2023;FALSE
57;Apple Pro 23;Apple;4.023.723,00;4;64;6.8;108MP;6000;iOS;2.7;3/16/2021;FALSE
58;Apple Pro 23;Apple;21.233.299,00;12;128;6.4;108MP;4000;iOS;3.3;12/30/2020;FALSE
59;Apple Pro 23;Apple;24.970.582,00;12;256;6.7;108MP;4000;iOS;3.4;12/20/2019;TRUE
60;Apple Pro 24;Apple;4.981.548,00;4;256;6.4;50MP;4000;iOS;4.9;12/26/2023;FALSE
61;Apple Pro 26;Apple;23.786.395,00;6;512;6.7;64MP;4000;iOS;4.2;4/30/2019;FALSE
62;Apple Pro 26;Apple;7.115.864,00;4;512;6.5;48MP;6000;iOS;1.5;1/20/2021;FALSE
63;Apple Pro 26;Apple;15.426.385,00;4;512;6.4;108MP;6000;iOS;2.5;2/7/2019;TRUE
64;Apple Pro 26;Apple;12.127.511,00;12;512;6.4;12MP;6000;iOS;2.9;3/10/2019;TRUE
65;Apple Pro 28;Apple;16.091.014,00;12;256;6.8;108MP;5000;iOS;3.7;3/22/2023;TRUE
66;Apple Pro 29;Apple;20.266.284,00;12;128;6.8;108MP;6000;iOS;1.3;3/7/2019;FALSE
67;Apple Pro 29;Apple;6.096.770,00;6;512;6.5;64MP;4000;iOS;1.7;6/23/2022;FALSE
68;Apple Pro 30;Apple;11.798.468,00;6;512;6.5;50MP;6000;iOS;2.6;3/3/2024;TRUE
69;Apple Pro 6;Apple;23.381.908,00;8;256;6.4;48MP;4000;iOS;4;11/25/2020;TRUE
70;Apple Pro 7;Apple;10.794.912,00;6;128;5.5;108MP;6000;iOS;1.9;6/22/2020;TRUE
71;Apple Ultra 10;Apple;14.193.353,00;16;512;6.8;48MP;4000;iOS;3.2;2/3/2021;FALSE
72;Apple Ultra 10;Apple;13.824.991,00;12;256;6.4;12MP;5000;iOS;3.5;5/17/2022;FALSE
73;Apple Ultra 11;Apple;6.943.201,00;8;128;6.1;64MP;6000;iOS;2;3/13/2022;FALSE
74;Apple Ultra 12;Apple;1.640.837,00;8;256;6.1;108MP;5000;iOS;3;7/7/2021;TRUE
75;Apple Ultra 12;Apple;3.955.206,00;6;64;6.1;108MP;5000;iOS;2.5;7/12/2023;FALSE
76;Apple Ultra 13;Apple;11.449.582,00;4;64;6.7;12MP;5000;iOS;1.8;5/6/2022;TRUE
77;Apple Ultra 14;Apple;12.717.545,00;4;64;6.1;64MP;6000;iOS;2.3;7/21/2019;TRUE
78;Apple Ultra 14;Apple;20.525.361,00;16;256;5.5;48MP;6000;iOS;3.6;1/29/2022;FALSE
79;Apple Ultra 17;Apple;5.641.772,00;6;64;6.7;48MP;6000;iOS;4.2;3/25/2020;FALSE
80;Apple Ultra 17;Apple;3.195.589,00;12;64;6.7;108MP;4500;iOS;4.5;9/7/2019;FALSE
81;Apple Ultra 18;Apple;17.844.033,00;6;64;6.8;12MP;5000;iOS;1.3;1/14/2023;TRUE
82;Apple Ultra 18;Apple;14.163.933,00;4;128;6.1;108MP;5000;iOS;4.5;1/21/2024;FALSE
83;Apple Ultra 18;Apple;7.495.284,00;12;256;6.1;108MP;4500;iOS;4.4;11/11/2019;FALSE
84;Apple Ultra 19;Apple;18.328.430,00;6;64;5.5;108MP;6000;iOS;1.9;4/12/2024;FALSE
85;Apple Ultra 19;Apple;16.876.410,00;12;512;6.5;12MP;4000;iOS;1.7;7/30/2023;TRUE
86;Apple Ultra 19;Apple;6.072.521,00;8;64;6.5;48MP;5000;iOS;3;5/24/2024;FALSE
87;Apple Ultra 20;Apple;4.937.180,00;4;64;6.5;48MP;4000;iOS;2.8;2/20/2020;FALSE
88;Apple Ultra 25;Apple;10.282.576,00;6;512;6.8;48MP;4500;iOS;2;4/6/2022;TRUE
89;Apple Ultra 25;Apple;23.567.108,00;12;512;5.5;108MP;4500;iOS;4.5;12/4/2019;FALSE
90;Apple Ultra 25;Apple;18.749.053,00;12;256;5.5;108MP;6000;iOS;4.2;9/27/2019;FALSE
91;Apple Ultra 27;Apple;8.204.432,00;16;512;6.7;12MP;5000;iOS;1.9;10/29/2020;FALSE
92;Apple Ultra 27;Apple;6.860.716,00;16;256;6.1;108MP;4500;iOS;1.3;2/24/2024;FALSE
93;Apple Ultra 28;Apple;21.198.658,00;8;64;6.4;12MP;4500;iOS;1.3;10/26/2019;TRUE
94;Apple Ultra 6;Apple;2.908.243,00;12;256;5.5;12MP;4000;iOS;3.6;5/23/2024;TRUE
95;Apple Ultra 8;Apple;19.208.177,00;4;512;6.8;64MP;6000;iOS;2.5;2/28/2024;FALSE
96;Apple Ultra 9;Apple;19.607.857,00;8;256;5.5;64MP;5000;iOS;2.2;2/24/2020;TRUE
97;Asus Max 10;Asus;8.958.779,00;6;256;5.5;50MP;5000;Android;2.7;5/9/2020;FALSE
98;Asus Max 10;Asus;3.889.741,00;12;512;6.1;48MP;5000;Android;3.2;5/27/2022;TRUE
99;Asus Max 13;Asus;19.945.806,00;8;256;6.4;108MP;4000;Android;1.1;12/11/2023;TRUE
100;Asus Max 13;Asus;8.002.176,00;6;128;6.7;108MP;4000;Android;4;9/14/2019;TRUE
101;Asus Max 14;Asus;24.416.327,00;8;128;6.4;108MP;4500;Android;1.3;8/25/2021;TRUE
102;Asus Max 14;Asus;20.561.462,00;12;512;6.5;64MP;4000;Android;4.3;2/18/2024;FALSE
103;Asus Max 14;Asus;7.832.381,00;12;512;6.4;108MP;5000;Android;2.7;2/16/2023;FALSE
104;Asus Max 15;Asus;11.140.337,00;16;512;6.5;12MP;4000;Android;4.2;8/21/2022;FALSE
105;Asus Max 17;Asus;7.322.020,00;16;256;6.7;108MP;4500;Android;3.3;12/12/2022;TRUE
106;Asus Max 17;Asus;8.868.509,00;4;512;6.4;48MP;4500;Android;2.1;7/19/2023;TRUE
107;Asus Max 18;Asus;6.433.219,00;4;512;6.7;50MP;4000;Android;2.3;5/1/2023;TRUE
108;Asus Max 20;Asus;24.582.307,00;6;128;6.5;12MP;4500;Android;1.1;12/8/2020;FALSE
109;Asus Max 21;Asus;16.332.991,00;8;512;5.5;64MP;6000;Android;3.7;4/5/2023;FALSE
110;Asus Max 23;Asus;18.395.227,00;4;128;6.4;12MP;5000;Android;3.3;3/19/2020;FALSE
111;Asus Max 23;Asus;15.531.434,00;4;512;6.8;50MP;5000;Android;2.5;2/28/2020;TRUE
112;Asus Max 24;Asus;6.967.591,00;16;512;6.1;108MP;6000;Android;2.9;7/10/2020;FALSE
113;Asus Max 26;Asus;17.959.493,00;4;256;6.4;50MP;5000;Android;2.2;2/7/2022;FALSE
114;Asus Max 28;Asus;17.543.754,00;12;64;6.4;12MP;4000;Android;1;2/2/2020;TRUE
115;Asus Max 29;Asus;10.698.492,00;16;512;6.7;50MP;5000;Android;2.2;3/27/2024;TRUE
116;Asus Max 29;Asus;4.333.907,00;12;64;6.5;50MP;5000;Android;2;5/24/2023;TRUE
117;Asus Max 30;Asus;17.589.896,00;6;64;6.7;48MP;4500;Android;4.5;4/28/2024;FALSE
118;Asus Max 30;Asus;7.866.160,00;8;512;6.4;12MP;4500;Android;3.8;8/11/2020;FALSE
119;Asus Max 5;Asus;19.179.698,00;12;256;6.4;50MP;5000;Android;1.3;4/2/2024;FALSE
120;Asus Max 6;Asus;14.180.257,00;8;256;6.4;50MP;4500;Android;3.7;11/3/2019;TRUE
121;Asus Max 7;Asus;16.258.773,00;4;64;6.1;12MP;6000;Android;2.9;5/8/2024;TRUE
122;Asus Max 8;Asus;10.383.320,00;16;256;6.8;50MP;5000;Android;4.4;5/22/2020;TRUE
123;Asus Max 8;Asus;6.152.007,00;8;64;6.8;48MP;6000;Android;4.4;8/22/2023;TRUE
124;Asus Max 9;Asus;22.902.608,00;16;256;6.1;64MP;4000;Android;2.9;5/2/2021;FALSE
125;Asus Max 9;Asus;20.334.530,00;6;512;6.4;50MP;5000;Android;4.9;2/10/2019;FALSE
126;Asus Max 9;Asus;4.438.166,00;12;128;5.5;12MP;6000;Android;3.3;5/17/2023;FALSE
127;Asus Max 9;Asus;8.838.953,00;16;128;6.4;48MP;4500;Android;1.4;5/21/2020;FALSE
128;Asus Note 11;Asus;22.055.924,00;6;64;6.1;108MP;4500;Android;1.8;8/2/2022;TRUE
129;Asus Note 12;Asus;7.273.202,00;4;64;6.1;50MP;4000;Android;1.5;6/13/2023;TRUE
130;Asus Note 12;Asus;4.655.928,00;16;128;6.5;12MP;4500;Android;4.1;5/11/2023;FALSE
131;Asus Note 13;Asus;23.768.423,00;8;64;5.5;50MP;4000;Android;2.5;10/7/2020;TRUE
132;Asus Note 14;Asus;13.563.255,00;8;256;6.1;64MP;4500;Android;4.6;10/23/2022;TRUE
133;Asus Note 14;Asus;11.846.718,00;6;128;6.4;64MP;4000;Android;4.9;7/22/2020;TRUE
134;Asus Note 15;Asus;8.042.556,00;16;256;6.1;108MP;4000;Android;4.4;10/11/2022;TRUE
135;Asus Note 16;Asus;2.387.778,00;4;256;6.1;50MP;4500;Android;3.3;4/20/2020;TRUE
136;Asus Note 16;Asus;17.504.991,00;4;64;5.5;50MP;5000;Android;1.3;6/15/2019;FALSE
137;Asus Note 17;Asus;13.228.493,00;16;64;5.5;12MP;4000;Android;2.1;7/22/2023;TRUE
138;Asus Note 18;Asus;19.703.490,00;16;64;6.8;12MP;4500;Android;4.3;5/14/2020;FALSE
139;Asus Note 19;Asus;21.723.060,00;6;128;6.8;64MP;6000;Android;2.9;10/18/2021;FALSE
140;Asus Note 19;Asus;7.128.044,00;12;64;5.5;108MP;6000;Android;1.2;12/10/2020;TRUE
141;Asus Note 21;Asus;16.614.117,00;6;256;6.1;50MP;4500;Android;3;11/24/2022;TRUE
142;Asus Note 23;Asus;13.093.582,00;16;256;6.5;12MP;4000;Android;2.8;9/16/2023;TRUE
143;Asus Note 23;Asus;6.674.769,00;12;128;6.5;108MP;5000;Android;3.5;9/25/2022;FALSE
144;Asus Note 24;Asus;10.813.650,00;12;128;6.4;12MP;5000;Android;3.9;3/11/2021;TRUE
145;Asus Note 25;Asus;12.357.707,00;8;256;6.7;48MP;4000;Android;1.2;8/23/2020;TRUE
146;Asus Note 27;Asus;7.344.103,00;8;256;6.1;50MP;5000;Android;1.9;2/17/2019;FALSE
147;Asus Note 28;Asus;11.213.849,00;16;512;5.5;64MP;4500;Android;2.4;3/24/2020;FALSE
148;Asus Note 30;Asus;18.481.957,00;12;512;6.5;108MP;5000;Android;4.1;7/19/2021;TRUE
149;Asus Note 6;Asus;15.160.268,00;8;64;6.7;12MP;5000;Android;4.6;5/1/2019;TRUE
150;Asus Note 6;Asus;15.515.142,00;8;512;6.8;50MP;4500;Android;3.2;5/19/2021;TRUE
151;Asus Note 7;Asus;17.642.366,00;6;512;6.8;108MP;5000;Android;4.3;12/31/2022;TRUE
152;Asus Note 9;Asus;10.226.485,00;8;256;5.5;108MP;5000;Android;4.5;8/18/2019;TRUE
153;Asus Pro 10;Asus;8.909.174,00;12;64;6.5;48MP;5000;Android;3.9;7/29/2021;TRUE
154;Asus Pro 10;Asus;11.180.445,00;6;128;5.5;48MP;4000;Android;1.6;8/8/2020;TRUE
155;Asus Pro 11;Asus;17.343.299,00;4;128;6.7;64MP;4000;Android;1.1;11/2/2019;FALSE
156;Asus Pro 12;Asus;2.191.706,00;6;64;6.1;64MP;4500;Android;4.3;1/29/2020;TRUE
157;Asus Pro 13;Asus;15.527.658,00;4;64;6.1;48MP;4500;Android;1.6;10/21/2021;FALSE
158;Asus Pro 16;Asus;14.809.339,00;12;256;6.4;12MP;6000;Android;4.9;2/15/2023;TRUE
159;Asus Pro 17;Asus;2.655.950,00;12;256;6.7;12MP;6000;Android;4.4;9/10/2023;TRUE
160;Asus Pro 18;Asus;21.469.645,00;4;512;6.5;108MP;6000;Android;3.2;4/27/2023;FALSE
161;Asus Pro 18;Asus;14.964.658,00;12;512;6.1;48MP;5000;Android;1.5;11/6/2021;TRUE
162;Asus Pro 18;Asus;6.413.894,00;8;512;6.4;108MP;5000;Android;3.1;6/28/2023;FALSE
163;Asus Pro 19;Asus;9.894.258,00;16;64;5.5;64MP;6000;Android;4.8;3/20/2022;FALSE
164;Asus Pro 19;Asus;19.300.084,00;16;64;6.1;12MP;6000;Android;1.6;5/1/2020;FALSE
165;Asus Pro 19;Asus;10.332.412,00;12;256;6.1;50MP;4500;Android;1.1;1/14/2020;TRUE
166;Asus Pro 19;Asus;24.424.506,00;6;256;6.8;50MP;6000;Android;1.6;3/24/2019;FALSE
167;Asus Pro 19;Asus;6.296.609,00;4;64;6.1;108MP;4000;Android;1.8;4/4/2024;FALSE
168;Asus Pro 21;Asus;12.660.513,00;6;64;5.5;64MP;4500;Android;1.3;10/21/2021;TRUE
169;Asus Pro 22;Asus;20.573.424,00;8;128;6.1;50MP;4500;Android;3.9;5/30/2019;FALSE
170;Asus Pro 22;Asus;16.569.886,00;6;512;6.1;64MP;5000;Android;5;1/24/2023;TRUE
171;Asus Pro 23;Asus;11.669.763,00;12;64;6.7;48MP;6000;Android;3.6;9/3/2023;TRUE
172;Asus Pro 24;Asus;14.716.471,00;16;128;6.8;12MP;4000;Android;1;11/4/2023;FALSE
173;Asus Pro 25;Asus;2.613.823,00;8;256;6.1;108MP;5000;Android;3.3;1/25/2021;FALSE
174;Asus Pro 25;Asus;9.298.992,00;8;128;6.4;108MP;5000;Android;2.3;12/3/2021;FALSE
175;Asus Pro 27;Asus;16.955.640,00;8;512;6.1;48MP;4000;Android;1;1/1/2024;TRUE
176;Asus Pro 30;Asus;3.597.207,00;6;256;6.1;12MP;4000;Android;3.8;8/22/2023;FALSE
177;Asus Pro 30;Asus;22.662.403,00;12;256;6.7;50MP;4500;Android;3.8;5/3/2024;TRUE
178;Asus Pro 5;Asus;12.877.788,00;8;256;6.7;108MP;4500;Android;4.5;9/13/2022;TRUE
179;Asus Pro 5;Asus;4.156.483,00;6;256;6.4;48MP;4500;Android;2.6;8/2/2023;FALSE
180;Asus Pro 6;Asus;22.621.182,00;8;512;6.8;50MP;4000;Android;1;7/12/2019;TRUE
181;Asus Pro 6;Asus;3.822.569,00;8;128;5.5;50MP;6000;Android;3.3;3/20/2021;FALSE
182;Asus Pro 7;Asus;9.436.982,00;4;256;6.4;64MP;5000;Android;4.7;1/23/2020;TRUE
183;Asus Pro 8;Asus;22.902.837,00;6;256;6.1;50MP;4000;Android;2.3;3/22/2022;FALSE
184;Asus Pro 9;Asus;1.916.622,00;12;256;6.8;50MP;4500;Android;2.9;7/29/2022;FALSE
185;Asus Ultra 11;Asus;23.911.297,00;12;128;5.5;48MP;4500;Android;3.1;10/3/2021;TRUE
186;Asus Ultra 11;Asus;18.559.606,00;4;512;6.1;108MP;4000;Android;3.7;8/18/2021;TRUE
187;Asus Ultra 12;Asus;16.498.244,00;16;64;5.5;50MP;4000;Android;4.9;9/30/2023;TRUE
188;Asus Ultra 12;Asus;18.444.839,00;4;512;6.4;64MP;4000;Android;4.7;1/23/2023;FALSE
189;Asus Ultra 14;Asus;11.840.477,00;4;64;6.8;12MP;6000;Android;2.3;4/8/2023;FALSE
190;Asus Ultra 15;Asus;9.837.235,00;16;256;6.8;108MP;6000;Android;2.9;11/16/2022;TRUE
191;Asus Ultra 15;Asus;16.493.217,00;6;256;6.1;64MP;4500;Android;3.8;3/10/2019;FALSE
192;Asus Ultra 16;Asus;4.320.043,00;4;512;6.8;12MP;4000;Android;4.6;2/22/2020;FALSE
193;Asus Ultra 16;Asus;14.889.490,00;4;256;6.5;12MP;6000;Android;2.6;12/31/2021;TRUE
194;Asus Ultra 16;Asus;3.844.843,00;4;256;6.7;108MP;5000;Android;1.6;1/30/2021;TRUE
195;Asus Ultra 17;Asus;13.673.909,00;8;128;6.1;64MP;4000;Android;3.4;9/25/2019;FALSE
196;Asus Ultra 17;Asus;2.308.865,00;16;128;5.5;108MP;4000;Android;1.7;6/23/2024;FALSE
197;Asus Ultra 18;Asus;10.306.152,00;6;64;6.7;108MP;4000;Android;2;8/28/2020;FALSE
198;Asus Ultra 19;Asus;3.615.265,00;8;256;5.5;64MP;5000;Android;2.8;2/6/2021;FALSE
199;Asus Ultra 19;Asus;15.792.442,00;12;256;6.1;12MP;4000;Android;1.6;5/18/2019;TRUE
200;Asus Ultra 20;Asus;5.657.669,00;12;256;6.1;64MP;4000;Android;4.4;1/8/2020;TRUE
201;Asus Ultra 23;Asus;19.774.766,00;6;128;6.7;48MP;4000;Android;4.7;3/12/2024;FALSE
202;Asus Ultra 25;Asus;24.196.492,00;8;128;6.4;50MP;5000;Android;4.8;2/14/2022;FALSE
203;Asus Ultra 26;Asus;2.757.041,00;16;512;6.5;50MP;5000;Android;4.7;4/22/2022;FALSE
204;Asus Ultra 27;Asus;15.530.082,00;16;256;6.1;108MP;4000;Android;2.8;12/30/2022;FALSE
205;Asus Ultra 28;Asus;13.922.313,00;4;256;6.7;108MP;5000;Android;2.8;6/5/2019;TRUE
206;Asus Ultra 28;Asus;21.095.525,00;12;64;6.1;108MP;5000;Android;1.4;9/29/2021;FALSE
207;Asus Ultra 29;Asus;11.572.748,00;6;128;6.4;12MP;4000;Android;1.7;11/18/2020;FALSE
208;Asus Ultra 30;Asus;5.323.457,00;6;256;6.5;108MP;5000;Android;1.9;9/12/2020;TRUE
209;Asus Ultra 6;Asus;14.913.761,00;4;128;6.8;108MP;6000;Android;3.3;9/11/2021;FALSE
210;Asus Ultra 7;Asus;16.742.071,00;16;256;6.7;50MP;4500;Android;3.2;6/20/2019;TRUE
211;Asus Ultra 7;Asus;2.978.905,00;16;256;6.4;108MP;4500;Android;4.7;4/11/2022;TRUE
212;Asus Ultra 7;Asus;12.949.223,00;6;128;6.7;12MP;6000;Android;4.3;5/11/2020;FALSE
213;Asus Ultra 8;Asus;9.950.866,00;12;256;6.4;12MP;5000;Android;2.4;11/27/2023;FALSE
214;Asus Ultra 9;Asus;10.129.005,00;12;256;6.4;48MP;4500;Android;4.1;1/16/2022;TRUE
215;Huawei Max 10;Huawei;14.677.856,00;8;128;6.1;48MP;4000;Android;1;6/24/2023;TRUE
216;Huawei Max 13;Huawei;6.737.009,00;12;128;5.5;108MP;4000;Android;3.2;5/22/2024;TRUE
217;Huawei Max 13;Huawei;8.398.506,00;12;64;6.4;48MP;4000;Android;1.4;11/2/2020;FALSE
218;Huawei Max 14;Huawei;7.550.312,00;16;128;6.8;50MP;4500;Android;1.3;1/16/2023;TRUE
219;Huawei Max 14;Huawei;12.940.396,00;12;256;6.1;48MP;4000;Android;4.5;5/30/2020;FALSE
220;Huawei Max 15;Huawei;5.023.372,00;6;512;6.1;50MP;5000;Android;4.4;9/30/2021;TRUE
221;Huawei Max 15;Huawei;18.325.530,00;4;256;6.5;50MP;4000;Android;1.5;6/28/2021;TRUE
222;Huawei Max 16;Huawei;8.163.221,00;4;256;6.7;64MP;6000;Android;2.5;8/14/2023;TRUE
223;Huawei Max 17;Huawei;11.114.640,00;16;512;6.8;48MP;5000;Android;2.6;7/27/2020;TRUE
224;Huawei Max 18;Huawei;6.301.481,00;8;256;6.1;50MP;5000;Android;3;12/23/2023;FALSE
225;Huawei Max 19;Huawei;8.127.814,00;16;256;6.1;50MP;6000;Android;2.8;3/11/2019;FALSE
226;Huawei Max 20;Huawei;10.777.097,00;4;512;5.5;108MP;4500;Android;1.6;12/4/2023;FALSE
227;Huawei Max 23;Huawei;10.368.952,00;4;64;6.1;108MP;4500;Android;3.7;2/27/2020;FALSE
228;Huawei Max 24;Huawei;3.352.934,00;4;128;5.5;12MP;6000;Android;3;10/8/2019;TRUE
229;Huawei Max 24;Huawei;19.250.657,00;4;128;6.8;64MP;4500;Android;3.5;11/15/2020;FALSE
230;Huawei Max 25;Huawei;5.716.377,00;12;512;6.5;12MP;5000;Android;4;5/28/2023;FALSE
231;Huawei Max 25;Huawei;19.022.486,00;8;512;5.5;48MP;4500;Android;2.1;9/3/2023;TRUE
232;Huawei Max 26;Huawei;8.428.596,00;12;64;6.1;108MP;4000;Android;2.3;4/17/2024;FALSE
233;Huawei Max 27;Huawei;21.976.797,00;4;64;6.7;64MP;6000;Android;1.9;8/13/2023;FALSE
234;Huawei Max 27;Huawei;16.040.201,00;8;128;6.7;64MP;5000;Android;3.2;10/31/2019;TRUE
235;Huawei Max 29;Huawei;23.834.216,00;4;128;6.8;64MP;6000;Android;1.2;12/15/2019;FALSE
236;Huawei Max 30;Huawei;4.640.930,00;6;64;6.4;48MP;6000;Android;1.6;5/16/2020;FALSE
237;Huawei Max 5;Huawei;19.533.545,00;16;512;6.8;48MP;4500;Android;3.3;12/27/2023;TRUE
238;Huawei Max 5;Huawei;14.935.101,00;8;512;6.7;64MP;6000;Android;1.3;11/26/2022;TRUE
239;Huawei Max 5;Huawei;24.023.664,00;4;512;6.5;108MP;4000;Android;2.9;8/29/2021;TRUE
240;Huawei Max 6;Huawei;4.136.130,00;8;512;6.8;108MP;4000;Android;4.2;2/14/2024;TRUE
241;Huawei Max 6;Huawei;12.924.483,00;12;256;6.4;50MP;4500;Android;3.5;9/30/2019;FALSE
242;Huawei Max 7;Huawei;5.892.151,00;8;128;6.1;64MP;6000;Android;3;12/9/2019;FALSE
243;Huawei Max 8;Huawei;23.542.315,00;4;512;6.8;48MP;4000;Android;1.9;7/25/2023;TRUE
244;Huawei Max 9;Huawei;17.697.430,00;6;128;6.1;12MP;4500;Android;3;6/24/2023;FALSE
245;Huawei Note 20;Huawei;8.102.610,00;4;64;6.8;108MP;5000;Android;4.2;7/13/2019;FALSE
246;Huawei Note 20;Huawei;23.465.181,00;4;512;6.5;50MP;4500;Android;3.5;5/31/2021;TRUE
247;Huawei Note 22;Huawei;9.153.014,00;4;256;6.4;50MP;5000;Android;3.1;7/9/2020;FALSE
248;Huawei Note 24;Huawei;17.007.389,00;8;64;6.1;64MP;5000;Android;3.4;2/20/2022;FALSE
249;Huawei Note 24;Huawei;11.222.637,00;6;64;6.4;50MP;4000;Android;2.8;7/8/2023;TRUE
250;Huawei Note 24;Huawei;11.670.588,00;4;64;5.5;64MP;4500;Android;3;11/8/2021;FALSE
251;Huawei Note 25;Huawei;5.633.706,00;8;64;6.1;108MP;4000;Android;4.1;5/6/2019;TRUE
252;Huawei Note 26;Huawei;10.663.808,00;8;512;6.1;50MP;5000;Android;1.3;1/20/2019;FALSE
253;Huawei Note 26;Huawei;9.695.857,00;12;64;6.4;108MP;4500;Android;5;4/27/2020;FALSE
254;Huawei Note 30;Huawei;9.550.982,00;12;512;6.1;64MP;6000;Android;3.4;7/13/2019;TRUE
255;Huawei Note 6;Huawei;13.416.884,00;8;512;6.8;12MP;5000;Android;4.4;10/21/2019;FALSE
256;Huawei Note 6;Huawei;8.413.470,00;8;128;6.4;50MP;4000;Android;4.5;8/17/2021;TRUE
257;Huawei Note 7;Huawei;24.605.267,00;12;512;6.7;48MP;4000;Android;2.5;2/27/2020;TRUE
258;Huawei Note 7;Huawei;13.281.586,00;4;64;6.7;64MP;5000;Android;1.4;4/10/2019;TRUE
259;Huawei Note 7;Huawei;11.475.670,00;12;64;6.8;12MP;5000;Android;2.8;3/9/2019;FALSE
260;Huawei Note 7;Huawei;17.990.750,00;12;128;6.1;12MP;5000;Android;2.3;4/9/2022;FALSE
261;Huawei Note 7;Huawei;16.259.933,00;8;128;5.5;108MP;4000;Android;1.9;2/26/2024;FALSE
262;Huawei Note 8;Huawei;15.897.943,00;8;64;6.1;48MP;5000;Android;2;5/5/2019;FALSE
263;Huawei Pro 10;Huawei;18.842.212,00;16;512;6.4;108MP;4500;Android;3.7;3/29/2020;TRUE
264;Huawei Pro 11;Huawei;16.078.461,00;8;64;5.5;50MP;5000;Android;3.6;7/16/2020;FALSE
265;Huawei Pro 12;Huawei;14.997.570,00;12;128;5.5;108MP;4000;Android;1.2;1/4/2020;TRUE
266;Huawei Pro 13;Huawei;24.706.786,00;8;128;5.5;64MP;5000;Android;4.2;11/18/2022;TRUE
267;Huawei Pro 13;Huawei;6.150.275,00;4;512;6.8;108MP;6000;Android;5;3/11/2019;TRUE
268;Huawei Pro 14;Huawei;23.717.442,00;12;256;6.8;48MP;5000;Android;1.1;8/20/2019;TRUE
269;Huawei Pro 16;Huawei;21.711.718,00;16;512;6.8;12MP;4000;Android;3;4/26/2020;FALSE
270;Huawei Pro 16;Huawei;4.610.357,00;4;256;5.5;48MP;4000;Android;4.2;5/15/2022;TRUE
271;Huawei Pro 19;Huawei;15.725.526,00;8;64;6.7;50MP;6000;Android;4.8;7/31/2021;FALSE
272;Huawei Pro 19;Huawei;13.092.674,00;8;128;6.1;64MP;4000;Android;4.2;12/10/2022;TRUE
273;Huawei Pro 19;Huawei;13.789.732,00;16;64;6.7;50MP;4000;Android;2.7;2/5/2021;FALSE
274;Huawei Pro 19;Huawei;24.608.863,00;6;512;6.1;108MP;5000;Android;4.6;2/19/2021;FALSE
275;Huawei Pro 20;Huawei;14.086.194,00;4;512;6.4;108MP;6000;Android;4.5;2/16/2024;FALSE
276;Huawei Pro 20;Huawei;9.909.906,00;8;64;6.5;108MP;4000;Android;4.2;2/4/2022;TRUE
277;Huawei Pro 21;Huawei;12.703.835,00;16;128;6.1;64MP;4000;Android;3.6;1/12/2022;FALSE
278;Huawei Pro 21;Huawei;17.280.571,00;6;256;5.5;50MP;4000;Android;2;11/30/2023;TRUE
279;Huawei Pro 22;Huawei;16.616.387,00;16;128;6.1;50MP;5000;Android;3.8;9/11/2019;FALSE
280;Huawei Pro 23;Huawei;14.783.786,00;16;256;6.1;108MP;4000;Android;4;4/12/2022;FALSE
281;Huawei Pro 23;Huawei;22.803.884,00;8;128;6.4;48MP;4500;Android;4;11/22/2022;FALSE
282;Huawei Pro 27;Huawei;18.105.376,00;16;64;6.7;64MP;4500;Android;4.4;8/14/2020;TRUE
283;Huawei Pro 27;Huawei;16.507.681,00;4;512;6.5;50MP;6000;Android;2.7;11/5/2019;FALSE
284;Huawei Pro 28;Huawei;22.900.811,00;6;128;6.1;64MP;4000;Android;4.6;10/29/2023;FALSE
285;Huawei Pro 30;Huawei;18.012.910,00;8;64;6.8;50MP;5000;Android;2.1;6/3/2020;FALSE
286;Huawei Pro 30;Huawei;21.656.599,00;4;512;5.5;64MP;4000;Android;1.6;6/20/2021;TRUE
287;Huawei Pro 5;Huawei;8.902.602,00;8;256;6.4;64MP;5000;Android;3.2;11/21/2023;TRUE
288;Huawei Pro 6;Huawei;23.220.912,00;12;64;6.1;12MP;4000;Android;4.7;5/11/2020;FALSE
289;Huawei Pro 7;Huawei;18.184.691,00;4;128;5.5;50MP;4500;Android;1.7;10/3/2019;FALSE
290;Huawei Pro 8;Huawei;2.937.896,00;4;64;5.5;48MP;6000;Android;4.9;6/4/2019;TRUE
291;Huawei Pro 9;Huawei;23.363.345,00;4;128;6.5;48MP;5000;Android;3.8;9/12/2019;FALSE
292;Huawei Ultra 10;Huawei;24.681.567,00;8;256;5.5;48MP;6000;Android;3.6;6/5/2023;FALSE
293;Huawei Ultra 11;Huawei;5.634.552,00;16;256;6.7;108MP;5000;Android;3.3;4/12/2022;TRUE
294;Huawei Ultra 14;Huawei;3.502.424,00;8;512;6.7;48MP;4000;Android;3.8;8/31/2020;FALSE
295;Huawei Ultra 14;Huawei;13.928.755,00;4;256;6.7;108MP;5000;Android;3.6;2/12/2022;FALSE
296;Huawei Ultra 17;Huawei;13.471.498,00;8;256;6.5;64MP;4000;Android;1.2;3/10/2019;FALSE
297;Huawei Ultra 17;Huawei;8.323.345,00;16;256;5.5;12MP;4500;Android;3;6/9/2022;TRUE
298;Huawei Ultra 20;Huawei;14.422.919,00;6;256;6.1;108MP;5000;Android;4.6;9/6/2020;TRUE
299;Huawei Ultra 20;Huawei;11.396.306,00;16;512;6.5;48MP;6000;Android;2;3/28/2020;TRUE
300;Huawei Ultra 25;Huawei;5.482.337,00;8;256;6.4;108MP;6000;Android;1.2;8/11/2019;TRUE
301;Huawei Ultra 27;Huawei;20.970.085,00;4;64;5.5;12MP;6000;Android;4;12/29/2020;FALSE
302;Huawei Ultra 29;Huawei;18.357.699,00;8;256;6.4;64MP;6000;Android;1.4;4/10/2019;TRUE
303;Huawei Ultra 29;Huawei;5.508.696,00;6;256;6.4;48MP;6000;Android;4.4;1/1/2019;FALSE
304;Huawei Ultra 29;Huawei;13.706.799,00;4;128;6.4;64MP;5000;Android;3.3;8/12/2023;TRUE
305;Huawei Ultra 30;Huawei;2.172.356,00;12;512;6.8;48MP;4000;Android;1.5;7/18/2019;TRUE
306;Huawei Ultra 5;Huawei;24.856.666,00;6;64;6.4;48MP;5000;Android;3.5;1/6/2021;FALSE
307;Huawei Ultra 5;Huawei;20.517.945,00;16;256;6.5;50MP;5000;Android;4.1;4/30/2021;TRUE
308;Huawei Ultra 5;Huawei;6.794.991,00;4;512;6.4;48MP;5000;Android;3.5;1/3/2022;FALSE
309;Huawei Ultra 5;Huawei;8.893.291,00;16;128;6.4;50MP;4000;Android;1.3;5/11/2023;FALSE
310;Huawei Ultra 6;Huawei;12.468.185,00;8;512;6.5;12MP;4500;Android;3.8;5/10/2023;TRUE
311;Huawei Ultra 7;Huawei;4.359.689,00;16;64;6.5;50MP;5000;Android;2.5;7/20/2019;TRUE
312;Huawei Ultra 7;Huawei;12.296.202,00;12;64;6.1;108MP;6000;Android;2;10/6/2020;TRUE
313;Huawei Ultra 7;Huawei;2.630.707,00;8;256;6.7;50MP;6000;Android;1.1;1/25/2022;FALSE
314;Huawei Ultra 9;Huawei;24.214.496,00;8;512;6.4;48MP;4000;Android;1.3;4/14/2023;FALSE
315;Huawei Ultra 9;Huawei;9.740.349,00;4;512;6.1;48MP;5000;Android;1.4;3/24/2024;FALSE
316;Infinix Max 10;Infinix;4.771.258,00;6;64;6.8;12MP;4500;Android;3.5;12/22/2022;FALSE
317;Infinix Max 11;Infinix;6.662.126,00;8;128;6.5;48MP;6000;Android;4.4;6/10/2023;FALSE
318;Infinix Max 11;Infinix;17.860.488,00;12;512;6.5;64MP;4500;Android;4.8;7/7/2020;TRUE
319;Infinix Max 12;Infinix;24.354.169,00;6;256;6.5;12MP;4500;Android;1.5;3/9/2019;FALSE
320;Infinix Max 12;Infinix;22.151.604,00;8;128;6.7;108MP;6000;Android;3.8;12/21/2021;TRUE
321;Infinix Max 14;Infinix;1.874.592,00;8;128;6.4;108MP;4000;Android;1.8;1/1/2019;TRUE
322;Infinix Max 15;Infinix;20.759.307,00;6;512;6.4;50MP;4000;Android;2.6;3/6/2019;FALSE
323;Infinix Max 15;Infinix;19.841.054,00;6;256;6.1;108MP;4000;Android;4.1;5/11/2020;TRUE
324;Infinix Max 15;Infinix;16.237.447,00;16;64;6.8;12MP;6000;Android;2;5/19/2023;FALSE
325;Infinix Max 16;Infinix;23.234.751,00;8;128;6.8;50MP;5000;Android;3.9;7/29/2021;TRUE
326;Infinix Max 18;Infinix;7.895.681,00;4;256;6.5;108MP;5000;Android;3.8;1/10/2021;FALSE
327;Infinix Max 19;Infinix;20.967.971,00;8;128;6.4;50MP;5000;Android;2.5;6/16/2024;FALSE
328;Infinix Max 19;Infinix;21.229.524,00;16;512;6.4;50MP;6000;Android;4.1;4/14/2023;FALSE
329;Infinix Max 20;Infinix;23.144.184,00;4;128;5.5;12MP;5000;Android;4.9;8/17/2022;FALSE
330;Infinix Max 21;Infinix;12.208.202,00;12;256;5.5;108MP;6000;Android;2.6;3/13/2023;FALSE
331;Infinix Max 24;Infinix;7.914.301,00;12;64;6.4;48MP;4500;Android;2.5;12/23/2022;TRUE
332;Infinix Max 25;Infinix;7.479.001,00;4;128;6.1;48MP;5000;Android;3.6;1/12/2021;TRUE
333;Infinix Max 26;Infinix;10.388.227,00;12;256;6.1;64MP;4500;Android;4.5;5/9/2019;TRUE
334;Infinix Max 27;Infinix;14.974.845,00;8;128;6.1;48MP;4500;Android;4.1;1/5/2021;FALSE
335;Infinix Max 27;Infinix;21.154.413,00;6;64;6.4;12MP;5000;Android;2.1;2/17/2023;FALSE
336;Infinix Max 27;Infinix;17.724.975,00;4;256;5.5;50MP;4000;Android;3.1;5/20/2023;FALSE
337;Infinix Max 27;Infinix;4.221.798,00;6;64;5.5;108MP;4500;Android;4.8;4/6/2021;TRUE
338;Infinix Max 27;Infinix;22.090.369,00;6;128;6.5;48MP;4000;Android;3.8;7/12/2023;TRUE
339;Infinix Max 28;Infinix;22.673.918,00;6;64;6.5;64MP;5000;Android;3.9;1/6/2021;TRUE
340;Infinix Max 5;Infinix;5.961.516,00;16;512;6.1;64MP;4000;Android;3.2;6/3/2020;FALSE
341;Infinix Max 5;Infinix;12.906.917,00;8;256;6.4;50MP;5000;Android;2.3;2/20/2023;TRUE
342;Infinix Max 6;Infinix;21.239.769,00;4;512;6.7;48MP;6000;Android;5;10/13/2019;FALSE
343;Infinix Note 11;Infinix;7.782.762,00;16;64;6.7;64MP;5000;Android;3.8;4/17/2019;TRUE
344;Infinix Note 11;Infinix;23.292.994,00;12;64;6.5;12MP;5000;Android;1.6;2/20/2024;TRUE
345;Infinix Note 12;Infinix;1.788.410,00;8;64;6.7;50MP;6000;Android;3.4;10/31/2021;TRUE
346;Infinix Note 13;Infinix;18.303.457,00;4;64;6.4;64MP;6000;Android;1.2;4/27/2023;TRUE
347;Infinix Note 13;Infinix;9.128.937,00;8;256;6.1;108MP;5000;Android;4.4;5/20/2024;FALSE
348;Infinix Note 14;Infinix;2.275.472,00;16;64;6.7;64MP;4000;Android;1.4;10/7/2023;FALSE
349;Infinix Note 14;Infinix;9.904.765,00;4;64;6.1;48MP;4000;Android;1;4/25/2023;FALSE
350;Infinix Note 19;Infinix;5.811.213,00;4;64;6.4;108MP;4000;Android;4.9;2/4/2019;FALSE
351;Infinix Note 20;Infinix;14.950.781,00;6;128;6.5;50MP;4000;Android;2.1;12/22/2023;TRUE
352;Infinix Note 20;Infinix;22.664.251,00;4;256;6.4;50MP;4000;Android;4.8;11/13/2020;TRUE
353;Infinix Note 25;Infinix;24.507.451,00;6;64;6.1;108MP;6000;Android;4.7;2/26/2022;FALSE
354;Infinix Note 27;Infinix;13.431.200,00;4;256;6.7;48MP;5000;Android;3.9;9/22/2020;TRUE
355;Infinix Note 6;Infinix;7.867.576,00;12;512;6.7;64MP;4000;Android;1;8/15/2021;FALSE
356;Infinix Note 7;Infinix;13.023.275,00;16;64;6.7;64MP;4500;Android;3;8/11/2021;TRUE
357;Infinix Note 7;Infinix;2.757.804,00;4;256;6.7;108MP;4000;Android;4.4;1/8/2023;TRUE
358;Infinix Note 7;Infinix;14.537.624,00;6;512;6.1;48MP;4500;Android;3.4;2/17/2019;TRUE
359;Infinix Note 8;Infinix;7.701.930,00;16;64;5.5;108MP;4500;Android;3.3;1/30/2022;FALSE
360;Infinix Note 9;Infinix;9.838.405,00;12;512;6.5;12MP;6000;Android;4.7;11/16/2022;TRUE
361;Infinix Pro 12;Infinix;19.487.021,00;6;256;6.5;50MP;6000;Android;4.7;5/3/2020;FALSE
362;Infinix Pro 13;Infinix;18.338.256,00;12;128;6.7;108MP;4500;Android;2.7;6/16/2022;FALSE
363;Infinix Pro 15;Infinix;12.585.883,00;4;128;6.7;50MP;4500;Android;1.1;11/8/2023;TRUE
364;Infinix Pro 15;Infinix;1.531.432,00;12;256;6.8;12MP;4500;Android;3.2;4/26/2023;FALSE
365;Infinix Pro 16;Infinix;15.489.644,00;4;256;5.5;48MP;6000;Android;3.9;8/4/2019;TRUE
366;Infinix Pro 16;Infinix;7.276.893,00;16;512;6.1;50MP;5000;Android;3;6/26/2022;FALSE
367;Infinix Pro 16;Infinix;23.117.961,00;12;128;6.4;64MP;6000;Android;2.1;2/5/2024;TRUE
368;Infinix Pro 16;Infinix;21.080.967,00;4;64;6.8;48MP;5000;Android;3.2;11/30/2022;FALSE
369;Infinix Pro 17;Infinix;9.747.361,00;12;64;5.5;50MP;6000;Android;2;8/21/2022;TRUE
370;Infinix Pro 19;Infinix;18.613.561,00;8;256;5.5;108MP;5000;Android;1.2;1/12/2021;TRUE
371;Infinix Pro 19;Infinix;15.212.973,00;4;128;6.7;64MP;4500;Android;4.9;6/3/2022;TRUE
372;Infinix Pro 20;Infinix;7.399.077,00;12;128;5.5;48MP;5000;Android;3.1;1/22/2023;FALSE
373;Infinix Pro 24;Infinix;22.000.806,00;6;64;6.7;64MP;6000;Android;2.2;10/16/2021;TRUE
374;Infinix Pro 26;Infinix;14.159.532,00;6;128;6.8;108MP;4500;Android;1.1;5/24/2020;FALSE
375;Infinix Pro 28;Infinix;24.314.676,00;12;512;6.7;50MP;5000;Android;4.3;5/13/2023;TRUE
376;Infinix Pro 29;Infinix;20.601.809,00;8;512;6.4;50MP;4500;Android;2.6;2/26/2022;FALSE
377;Infinix Pro 30;Infinix;10.867.915,00;4;64;6.4;64MP;6000;Android;2;10/1/2021;TRUE
378;Infinix Pro 30;Infinix;4.857.960,00;16;128;6.5;50MP;4500;Android;1.7;9/25/2023;FALSE
379;Infinix Pro 30;Infinix;5.579.890,00;6;64;6.5;50MP;4500;Android;3.5;5/3/2021;FALSE
380;Infinix Pro 6;Infinix;13.108.666,00;8;512;6.1;48MP;5000;Android;2.6;8/16/2023;FALSE
381;Infinix Ultra 10;Infinix;17.819.194,00;6;256;6.7;64MP;4000;Android;2.3;12/12/2019;FALSE
382;Infinix Ultra 12;Infinix;15.483.653,00;12;256;6.8;50MP;4000;Android;1.2;8/29/2022;FALSE
383;Infinix Ultra 13;Infinix;18.566.466,00;8;256;6.5;108MP;6000;Android;3.3;12/29/2021;TRUE
384;Infinix Ultra 15;Infinix;8.299.241,00;16;128;6.4;50MP;6000;Android;4.2;6/1/2020;TRUE
385;Infinix Ultra 16;Infinix;15.578.882,00;8;128;6.4;50MP;5000;Android;4.6;5/3/2021;FALSE
386;Infinix Ultra 18;Infinix;17.932.515,00;8;512;6.1;48MP;5000;Android;5;2/3/2019;FALSE
387;Infinix Ultra 19;Infinix;9.642.959,00;6;64;6.7;64MP;5000;Android;3.5;2/10/2019;FALSE
388;Infinix Ultra 20;Infinix;16.331.037,00;6;128;6.1;64MP;5000;Android;4;2/7/2020;TRUE
389;Infinix Ultra 20;Infinix;9.131.922,00;16;256;6.8;12MP;6000;Android;3.6;1/16/2024;FALSE
390;Infinix Ultra 20;Infinix;23.388.203,00;16;512;6.4;108MP;4500;Android;2.5;3/25/2023;TRUE
391;Infinix Ultra 21;Infinix;21.387.056,00;4;512;6.5;48MP;6000;Android;1.8;11/9/2021;TRUE
392;Infinix Ultra 22;Infinix;2.402.133,00;16;256;6.5;12MP;6000;Android;1.7;6/29/2022;TRUE
393;Infinix Ultra 24;Infinix;11.844.266,00;12;512;6.4;108MP;4500;Android;2.8;3/31/2023;FALSE
394;Infinix Ultra 24;Infinix;10.545.385,00;6;64;5.5;48MP;6000;Android;1.7;6/22/2020;TRUE
395;Infinix Ultra 26;Infinix;7.491.682,00;6;512;6.7;108MP;6000;Android;2.4;5/16/2024;TRUE
396;Infinix Ultra 5;Infinix;15.660.948,00;6;256;5.5;48MP;6000;Android;2.2;7/25/2023;TRUE
397;Infinix Ultra 7;Infinix;3.943.632,00;6;128;6.4;64MP;6000;Android;1.1;9/18/2019;FALSE
398;Infinix Ultra 7;Infinix;10.215.192,00;8;512;6.7;12MP;4500;Android;3.4;5/18/2022;TRUE
399;Infinix Ultra 8;Infinix;17.077.460,00;6;64;6.7;12MP;5000;Android;1.6;2/18/2023;TRUE
400;Infinix Ultra 8;Infinix;7.420.651,00;12;256;6.8;48MP;4500;Android;3.1;3/21/2021;FALSE
401;Infinix Ultra 8;Infinix;16.783.669,00;8;512;6.1;48MP;5000;Android;4.4;11/24/2023;FALSE
402;Infinix Ultra 8;Infinix;15.628.116,00;12;128;6.5;48MP;6000;Android;3.3;4/23/2019;FALSE
403;Infinix Ultra 9;Infinix;10.365.881,00;4;256;6.5;108MP;4500;Android;1.8;12/26/2020;FALSE
404;Infinix Ultra 9;Infinix;18.432.854,00;8;512;6.7;108MP;5000;Android;2;4/13/2024;TRUE
405;OnePlus Max 11;OnePlus;8.735.041,00;6;64;6.8;48MP;4500;Android;4.2;11/23/2019;FALSE
406;OnePlus Max 12;OnePlus;7.747.941,00;4;512;6.8;48MP;4500;Android;3.8;10/25/2020;FALSE
407;OnePlus Max 12;OnePlus;18.483.138,00;12;64;6.5;64MP;4000;Android;1.4;8/24/2020;TRUE
408;OnePlus Max 14;OnePlus;9.275.871,00;8;64;5.5;64MP;6000;Android;4.1;7/7/2021;FALSE
409;OnePlus Max 14;OnePlus;23.953.047,00;4;64;6.1;64MP;4500;Android;4.8;2/12/2024;TRUE
410;OnePlus Max 14;OnePlus;4.952.524,00;12;128;6.4;48MP;4500;Android;1.2;4/24/2023;TRUE
411;OnePlus Max 15;OnePlus;24.802.595,00;4;128;6.7;48MP;4000;Android;1.3;2/3/2024;TRUE
412;OnePlus Max 16;OnePlus;8.152.872,00;8;256;6.7;48MP;5000;Android;3;9/25/2021;TRUE
413;OnePlus Max 16;OnePlus;8.377.735,00;6;64;6.1;50MP;5000;Android;1.6;5/1/2023;FALSE
414;OnePlus Max 16;OnePlus;8.261.376,00;16;256;6.7;12MP;4000;Android;2.1;3/25/2023;TRUE
415;OnePlus Max 18;OnePlus;10.860.128,00;16;256;6.1;12MP;4000;Android;1.1;3/15/2019;TRUE
416;OnePlus Max 20;OnePlus;4.642.389,00;6;128;6.1;48MP;4500;Android;2.6;2/28/2020;TRUE
417;OnePlus Max 21;OnePlus;8.115.946,00;4;256;5.5;64MP;6000;Android;1.3;9/7/2022;TRUE
418;OnePlus Max 22;OnePlus;20.451.433,00;8;64;6.8;48MP;4500;Android;2.7;7/20/2023;FALSE
419;OnePlus Max 22;OnePlus;14.263.329,00;6;512;6.5;50MP;4000;Android;2.7;8/5/2019;FALSE
420;OnePlus Max 24;OnePlus;7.620.415,00;12;512;6.4;50MP;6000;Android;4.9;8/13/2023;FALSE
421;OnePlus Max 24;OnePlus;21.504.076,00;16;128;5.5;50MP;6000;Android;2.5;8/15/2019;TRUE
422;OnePlus Max 25;OnePlus;21.679.889,00;4;64;5.5;108MP;5000;Android;4.8;9/10/2020;TRUE
423;OnePlus Max 25;OnePlus;10.742.634,00;6;256;6.5;12MP;5000;Android;1.6;9/17/2019;FALSE
424;OnePlus Max 27;OnePlus;10.688.370,00;6;128;6.8;12MP;4000;Android;2.5;3/12/2019;TRUE
425;OnePlus Max 29;OnePlus;23.339.156,00;16;256;6.5;108MP;4000;Android;3.6;12/18/2022;TRUE
426;OnePlus Max 29;OnePlus;23.195.647,00;12;64;6.1;50MP;4000;Android;4.4;6/17/2020;TRUE
427;OnePlus Max 6;OnePlus;24.038.178,00;8;256;6.8;50MP;4500;Android;4.8;1/13/2019;FALSE
428;OnePlus Max 7;OnePlus;17.165.909,00;6;512;6.1;108MP;6000;Android;3.6;2/6/2022;TRUE
429;OnePlus Max 7;OnePlus;15.015.673,00;12;256;6.5;108MP;6000;Android;4.4;3/17/2021;FALSE
430;OnePlus Max 7;OnePlus;7.607.139,00;4;64;6.5;64MP;6000;Android;4.4;8/18/2022;FALSE
431;OnePlus Note 10;OnePlus;23.836.647,00;6;256;6.8;12MP;4500;Android;4.2;6/19/2019;TRUE
432;OnePlus Note 10;OnePlus;3.174.423,00;8;64;6.8;12MP;5000;Android;3.1;9/16/2020;TRUE
433;OnePlus Note 14;OnePlus;18.924.036,00;8;512;5.5;108MP;5000;Android;4.7;4/13/2023;FALSE
434;OnePlus Note 14;OnePlus;22.454.584,00;12;128;6.1;108MP;4000;Android;4.4;11/1/2022;TRUE
435;OnePlus Note 15;OnePlus;3.638.206,00;16;128;6.8;108MP;4500;Android;3.3;5/19/2021;TRUE
436;OnePlus Note 16;OnePlus;10.178.106,00;4;128;6.5;48MP;4500;Android;4;3/22/2023;FALSE
437;OnePlus Note 17;OnePlus;14.662.641,00;16;256;5.5;12MP;4000;Android;3.3;5/15/2020;TRUE
438;OnePlus Note 18;OnePlus;24.545.257,00;4;64;6.4;50MP;5000;Android;5;6/22/2022;TRUE
439;OnePlus Note 20;OnePlus;15.159.139,00;4;128;6.1;50MP;4500;Android;2.4;8/7/2021;FALSE
440;OnePlus Note 21;OnePlus;2.874.382,00;16;256;6.1;12MP;6000;Android;1.5;2/13/2023;FALSE
441;OnePlus Note 21;OnePlus;20.957.928,00;6;512;6.5;50MP;4500;Android;2.8;4/28/2021;TRUE
442;OnePlus Note 22;OnePlus;2.039.270,00;6;64;6.4;64MP;6000;Android;4.2;10/3/2021;FALSE
443;OnePlus Note 25;OnePlus;23.516.633,00;8;64;6.7;64MP;4500;Android;3.3;1/24/2020;TRUE
444;OnePlus Note 25;OnePlus;22.183.205,00;16;128;5.5;12MP;4500;Android;3.5;11/21/2021;TRUE
445;OnePlus Note 25;OnePlus;20.865.610,00;16;128;6.1;108MP;4500;Android;2.2;5/9/2020;TRUE
446;OnePlus Note 28;OnePlus;24.072.223,00;12;256;6.1;64MP;6000;Android;4.2;5/25/2019;TRUE
447;OnePlus Note 28;OnePlus;24.427.412,00;4;64;6.5;12MP;5000;Android;4.1;1/27/2021;FALSE
448;OnePlus Note 28;OnePlus;17.304.415,00;12;512;6.8;12MP;5000;Android;3.3;11/4/2022;TRUE
449;OnePlus Note 28;OnePlus;21.331.113,00;16;256;6.7;12MP;6000;Android;1.8;6/3/2023;FALSE
450;OnePlus Note 29;OnePlus;11.202.649,00;16;64;6.7;12MP;4500;Android;4.6;6/3/2020;TRUE
451;OnePlus Note 5;OnePlus;3.355.870,00;8;64;6.7;48MP;4000;Android;4;5/7/2019;TRUE
452;OnePlus Note 5;OnePlus;13.320.834,00;8;256;6.8;50MP;4500;Android;4.5;7/6/2023;FALSE
453;OnePlus Note 7;OnePlus;8.001.184,00;16;128;6.8;64MP;4000;Android;3.7;9/5/2021;TRUE
454;OnePlus Note 9;OnePlus;14.851.430,00;12;64;6.4;50MP;4500;Android;1.7;11/27/2020;TRUE
455;OnePlus Note 9;OnePlus;10.874.500,00;4;512;6.1;12MP;4000;Android;5;1/16/2021;TRUE
456;OnePlus Note 9;OnePlus;18.036.181,00;12;128;6.4;12MP;6000;Android;2.4;6/4/2024;TRUE
457;OnePlus Note 9;OnePlus;14.061.618,00;16;256;5.5;12MP;4500;Android;2.3;5/10/2019;FALSE
458;OnePlus Pro 10;OnePlus;7.805.243,00;8;512;6.8;12MP;6000;Android;3.1;10/9/2021;TRUE
459;OnePlus Pro 11;OnePlus;14.246.960,00;8;64;6.8;48MP;6000;Android;4.2;3/20/2024;FALSE
460;OnePlus Pro 12;OnePlus;14.154.141,00;4;512;6.1;108MP;6000;Android;1.8;5/11/2019;TRUE
461;OnePlus Pro 12;OnePlus;19.530.478,00;8;64;6.5;108MP;4500;Android;2.2;10/26/2020;TRUE
462;OnePlus Pro 14;OnePlus;5.398.372,00;6;256;6.7;64MP;4000;Android;1.3;8/1/2020;FALSE
463;OnePlus Pro 14;OnePlus;18.564.598,00;6;256;6.8;108MP;5000;Android;4.9;8/22/2020;FALSE
464;OnePlus Pro 16;OnePlus;13.282.620,00;12;128;6.7;12MP;5000;Android;4;11/2/2019;TRUE
465;OnePlus Pro 16;OnePlus;9.785.374,00;6;64;6.1;108MP;5000;Android;4.9;7/23/2023;FALSE
466;OnePlus Pro 16;OnePlus;18.009.434,00;8;512;5.5;50MP;6000;Android;3.1;10/26/2023;TRUE
467;OnePlus Pro 17;OnePlus;24.616.017,00;16;256;6.4;50MP;6000;Android;4.1;3/17/2023;FALSE
468;OnePlus Pro 17;OnePlus;16.955.792,00;4;128;6.8;64MP;4000;Android;1.8;7/14/2021;FALSE
469;OnePlus Pro 17;OnePlus;15.372.547,00;16;256;6.4;108MP;4500;Android;4;12/16/2023;TRUE
470;OnePlus Pro 19;OnePlus;14.550.492,00;16;64;6.7;64MP;6000;Android;3.5;6/12/2021;TRUE
471;OnePlus Pro 21;OnePlus;23.314.766,00;4;256;6.5;50MP;4000;Android;1.9;11/11/2020;TRUE
472;OnePlus Pro 22;OnePlus;8.170.046,00;16;64;6.4;48MP;4500;Android;3.4;6/19/2019;TRUE
473;OnePlus Pro 23;OnePlus;12.066.347,00;8;128;6.5;12MP;6000;Android;1.7;3/16/2022;TRUE
474;OnePlus Pro 23;OnePlus;8.138.352,00;4;512;6.4;50MP;4500;Android;2.9;9/22/2021;FALSE
475;OnePlus Pro 24;OnePlus;18.649.405,00;16;512;6.1;64MP;4500;Android;4;3/9/2019;TRUE
476;OnePlus Pro 24;OnePlus;10.493.122,00;12;512;6.8;64MP;5000;Android;2.4;6/7/2020;FALSE
477;OnePlus Pro 24;OnePlus;14.685.740,00;8;64;6.7;12MP;6000;Android;2;5/11/2020;FALSE
478;OnePlus Pro 26;OnePlus;2.483.976,00;8;128;6.8;12MP;6000;Android;4.2;2/24/2019;FALSE
479;OnePlus Pro 27;OnePlus;17.175.814,00;12;512;6.8;12MP;4000;Android;2.1;5/26/2023;FALSE
480;OnePlus Pro 28;OnePlus;24.384.116,00;4;64;6.5;108MP;6000;Android;2;5/2/2023;TRUE
481;OnePlus Pro 28;OnePlus;6.613.407,00;4;64;6.5;48MP;6000;Android;4.7;4/11/2021;FALSE
482;OnePlus Pro 28;OnePlus;13.737.735,00;16;512;6.8;50MP;5000;Android;4.5;9/29/2020;FALSE
483;OnePlus Pro 29;OnePlus;4.672.513,00;6;128;5.5;108MP;4500;Android;2;11/4/2021;TRUE
484;OnePlus Pro 29;OnePlus;19.374.764,00;16;128;6.7;50MP;5000;Android;2.3;11/1/2023;TRUE
485;OnePlus Pro 30;OnePlus;14.981.329,00;16;512;6.8;12MP;4000;Android;4.7;2/21/2022;FALSE
486;OnePlus Pro 6;OnePlus;5.136.550,00;8;128;6.7;50MP;6000;Android;2.8;8/25/2021;FALSE
487;OnePlus Pro 6;OnePlus;21.461.323,00;8;64;6.8;48MP;5000;Android;1.8;2/24/2020;FALSE
488;OnePlus Pro 9;OnePlus;5.579.676,00;8;256;6.8;48MP;5000;Android;2;1/27/2023;TRUE
489;OnePlus Pro 9;OnePlus;24.972.830,00;16;256;6.5;50MP;5000;Android;3.3;11/27/2019;TRUE
490;OnePlus Ultra 10;OnePlus;22.812.781,00;12;512;6.4;12MP;4000;Android;2.5;1/31/2019;FALSE
491;OnePlus Ultra 13;OnePlus;2.653.512,00;8;512;6.4;108MP;4000;Android;3.7;6/11/2024;FALSE
492;OnePlus Ultra 15;OnePlus;17.969.494,00;16;128;6.7;12MP;4000;Android;2.6;3/14/2021;TRUE
493;OnePlus Ultra 15;OnePlus;24.481.755,00;12;128;6.1;64MP;5000;Android;3.4;12/21/2022;FALSE
494;OnePlus Ultra 18;OnePlus;6.668.955,00;6;256;6.1;108MP;5000;Android;2.6;12/17/2019;TRUE
495;OnePlus Ultra 18;OnePlus;24.036.047,00;4;64;6.5;50MP;5000;Android;5;8/16/2022;FALSE
496;OnePlus Ultra 19;OnePlus;5.431.858,00;6;128;6.4;108MP;4000;Android;4.3;11/21/2019;FALSE
497;OnePlus Ultra 20;OnePlus;11.805.453,00;8;64;6.5;108MP;4500;Android;2.4;4/10/2024;TRUE
498;OnePlus Ultra 22;OnePlus;3.502.042,00;12;128;5.5;12MP;6000;Android;4;10/19/2023;TRUE
499;OnePlus Ultra 22;OnePlus;21.873.923,00;12;128;6.4;50MP;4000;Android;5;3/22/2024;TRUE
500;OnePlus Ultra 23;OnePlus;3.030.481,00;12;128;6.7;108MP;4000;Android;3.9;4/13/2019;TRUE
501;OnePlus Ultra 24;OnePlus;19.582.826,00;8;128;6.8;48MP;4500;Android;1.7;8/31/2023;TRUE
502;OnePlus Ultra 24;OnePlus;3.692.920,00;8;128;6.5;64MP;4500;Android;3.4;5/19/2023;FALSE
503;OnePlus Ultra 25;OnePlus;15.524.807,00;16;128;5.5;12MP;4500;Android;3.9;5/15/2019;TRUE
504;OnePlus Ultra 26;OnePlus;17.899.510,00;6;256;6.7;12MP;5000;Android;1.5;3/30/2019;FALSE
505;OnePlus Ultra 26;OnePlus;17.006.255,00;6;64;6.5;48MP;4000;Android;3.2;6/4/2023;FALSE
506;OnePlus Ultra 28;OnePlus;7.083.739,00;4;256;6.8;64MP;5000;Android;4.4;5/14/2024;FALSE
507;OnePlus Ultra 29;OnePlus;23.754.323,00;16;64;6.4;50MP;4500;Android;2.3;10/6/2023;TRUE
508;OnePlus Ultra 30;OnePlus;20.912.048,00;4;64;6.8;48MP;6000;Android;3.8;6/24/2020;TRUE
509;OnePlus Ultra 6;OnePlus;21.520.107,00;4;64;5.5;108MP;4000;Android;2.2;7/14/2019;TRUE
510;OnePlus Ultra 6;OnePlus;22.806.831,00;8;64;6.4;64MP;6000;Android;3.2;1/31/2020;FALSE
511;OnePlus Ultra 7;OnePlus;20.066.198,00;8;128;6.5;64MP;6000;Android;1.7;7/22/2022;TRUE
512;OnePlus Ultra 7;OnePlus;22.821.178,00;16;256;6.5;64MP;4500;Android;1.6;9/15/2019;FALSE
513;OnePlus Ultra 8;OnePlus;23.282.104,00;4;64;6.7;64MP;4500;Android;1.8;3/6/2024;FALSE
514;Oppo Max 10;Oppo;21.204.576,00;6;512;6.4;12MP;6000;Android;3.8;6/24/2021;TRUE
515;Oppo Max 11;Oppo;1.900.039,00;12;512;6.7;48MP;4000;Android;2.6;7/22/2022;TRUE
516;Oppo Max 12;Oppo;11.628.532,00;6;512;6.1;50MP;6000;Android;4.7;9/17/2019;TRUE
517;Oppo Max 13;Oppo;6.672.277,00;12;64;5.5;50MP;5000;Android;1.4;11/8/2019;FALSE
518;Oppo Max 14;Oppo;6.043.699,00;16;512;6.1;108MP;5000;Android;1.5;2/20/2023;FALSE
519;Oppo Max 14;Oppo;16.447.186,00;16;128;6.4;64MP;6000;Android;3.5;12/28/2022;FALSE
520;Oppo Max 14;Oppo;17.976.626,00;16;512;6.4;64MP;4500;Android;4.5;9/22/2023;TRUE
521;Oppo Max 15;Oppo;20.695.812,00;16;64;6.7;108MP;6000;Android;1.8;12/28/2022;FALSE
522;Oppo Max 16;Oppo;7.113.005,00;16;128;6.8;108MP;4000;Android;1.5;11/24/2019;FALSE
523;Oppo Max 16;Oppo;8.997.137,00;8;256;6.7;108MP;6000;Android;4.7;3/26/2020;FALSE
524;Oppo Max 18;Oppo;22.051.059,00;12;128;6.5;12MP;4500;Android;2.9;6/25/2022;TRUE
525;Oppo Max 21;Oppo;21.415.448,00;8;128;6.1;48MP;6000;Android;4.3;10/16/2020;TRUE
526;Oppo Max 24;Oppo;1.762.788,00;8;256;5.5;12MP;5000;Android;2.5;2/10/2024;FALSE
527;Oppo Max 24;Oppo;16.162.548,00;8;128;6.5;108MP;5000;Android;1.9;12/21/2020;TRUE
528;Oppo Max 28;Oppo;9.405.893,00;4;128;6.4;64MP;4000;Android;3.8;8/11/2022;FALSE
529;Oppo Max 30;Oppo;7.994.546,00;16;256;5.5;50MP;4500;Android;1.3;6/26/2022;TRUE
530;Oppo Max 5;Oppo;14.016.331,00;8;128;6.1;48MP;5000;Android;4.1;3/14/2023;TRUE
531;Oppo Max 8;Oppo;19.540.018,00;4;256;6.1;108MP;4500;Android;1.7;12/25/2019;FALSE
532;Oppo Max 8;Oppo;2.407.971,00;4;64;6.5;50MP;4500;Android;1.4;3/16/2019;TRUE
533;Oppo Max 8;Oppo;20.335.124,00;16;128;6.1;12MP;4000;Android;3.3;12/21/2023;FALSE
534;Oppo Note 12;Oppo;15.674.168,00;6;128;6.8;48MP;4000;Android;1.8;11/28/2019;TRUE
535;Oppo Note 14;Oppo;20.998.117,00;6;128;6.7;50MP;4500;Android;4.1;8/26/2021;FALSE
536;Oppo Note 14;Oppo;2.234.996,00;8;512;6.8;108MP;4500;Android;4.9;4/7/2020;FALSE
537;Oppo Note 15;Oppo;19.617.071,00;4;512;6.7;64MP;5000;Android;2.6;3/8/2023;TRUE
538;Oppo Note 16;Oppo;2.517.955,00;8;64;5.5;108MP;6000;Android;2.2;5/13/2023;FALSE
539;Oppo Note 18;Oppo;20.871.615,00;6;256;6.5;50MP;6000;Android;4.2;2/28/2019;FALSE
540;Oppo Note 19;Oppo;10.627.512,00;4;512;6.5;108MP;5000;Android;1.7;1/30/2019;FALSE
541;Oppo Note 19;Oppo;21.149.204,00;16;64;6.5;64MP;4000;Android;3.4;5/26/2020;FALSE
542;Oppo Note 21;Oppo;9.079.278,00;8;128;6.7;48MP;4000;Android;4.6;4/9/2024;FALSE
543;Oppo Note 21;Oppo;4.333.261,00;12;512;6.4;50MP;4000;Android;3.6;9/9/2021;TRUE
544;Oppo Note 24;Oppo;22.267.891,00;6;64;6.4;50MP;6000;Android;4.1;1/30/2024;FALSE
545;Oppo Note 25;Oppo;18.672.229,00;8;512;6.5;50MP;6000;Android;1.6;7/23/2022;FALSE
546;Oppo Note 25;Oppo;6.399.552,00;8;128;6.7;108MP;6000;Android;4;7/28/2022;FALSE
547;Oppo Note 26;Oppo;20.168.107,00;12;128;5.5;48MP;6000;Android;2.3;6/22/2024;FALSE
548;Oppo Note 26;Oppo;14.404.589,00;6;128;6.4;50MP;5000;Android;4.3;5/22/2022;FALSE
549;Oppo Note 28;Oppo;21.097.682,00;16;256;6.8;50MP;4000;Android;2.2;1/16/2023;FALSE
550;Oppo Note 29;Oppo;16.018.579,00;4;512;6.1;12MP;5000;Android;1.8;5/23/2019;FALSE
551;Oppo Note 29;Oppo;5.326.233,00;16;512;6.4;50MP;4000;Android;1.5;4/21/2019;FALSE
552;Oppo Note 5;Oppo;13.329.418,00;16;64;5.5;12MP;4000;Android;3.6;5/25/2024;FALSE
553;Oppo Note 6;Oppo;5.329.004,00;12;128;6.4;50MP;4000;Android;3.5;11/10/2022;TRUE
554;Oppo Note 8;Oppo;7.985.747,00;6;256;6.8;64MP;4500;Android;1.5;5/13/2021;FALSE
555;Oppo Note 9;Oppo;3.705.286,00;6;256;6.7;48MP;4500;Android;3;3/20/2021;FALSE
556;Oppo Pro 11;Oppo;10.669.727,00;12;128;6.4;50MP;5000;Android;1.2;1/4/2022;TRUE
557;Oppo Pro 12;Oppo;19.832.476,00;8;128;6.7;64MP;6000;Android;2.2;2/8/2024;FALSE
558;Oppo Pro 12;Oppo;18.254.923,00;16;64;6.4;50MP;6000;Android;2.9;7/20/2022;FALSE
559;Oppo Pro 13;Oppo;24.078.265,00;16;512;6.5;50MP;5000;Android;3.6;11/4/2021;FALSE
560;Oppo Pro 14;Oppo;8.572.840,00;12;64;6.1;12MP;6000;Android;1.7;9/26/2019;FALSE
561;Oppo Pro 15;Oppo;10.310.020,00;12;128;6.4;108MP;6000;Android;2.7;3/4/2020;FALSE
562;Oppo Pro 15;Oppo;2.752.397,00;6;512;5.5;48MP;4500;Android;3.3;3/9/2019;TRUE
563;Oppo Pro 15;Oppo;14.501.482,00;16;128;6.4;108MP;5000;Android;3;9/4/2019;TRUE
564;Oppo Pro 16;Oppo;24.726.137,00;6;512;6.8;108MP;4000;Android;2.7;7/1/2022;TRUE
565;Oppo Pro 18;Oppo;1.570.627,00;12;256;5.5;12MP;4000;Android;1.1;12/20/2020;TRUE
566;Oppo Pro 18;Oppo;23.176.600,00;16;512;6.7;64MP;4000;Android;3.7;10/8/2023;FALSE
567;Oppo Pro 19;Oppo;16.056.002,00;8;128;6.5;48MP;5000;Android;1.5;9/6/2023;FALSE
568;Oppo Pro 20;Oppo;22.541.042,00;4;512;6.8;50MP;6000;Android;3.7;7/1/2021;FALSE
569;Oppo Pro 20;Oppo;15.106.127,00;16;512;6.7;12MP;5000;Android;2.6;6/20/2022;TRUE
570;Oppo Pro 20;Oppo;16.234.332,00;6;512;6.7;50MP;4000;Android;4.4;11/25/2021;TRUE
571;Oppo Pro 21;Oppo;13.671.960,00;6;64;6.1;48MP;6000;Android;2.8;1/18/2023;TRUE
572;Oppo Pro 22;Oppo;23.092.783,00;6;128;6.8;64MP;6000;Android;1.5;8/17/2019;TRUE
573;Oppo Pro 25;Oppo;10.586.832,00;16;256;6.8;50MP;6000;Android;4.5;3/7/2023;TRUE
574;Oppo Pro 28;Oppo;17.891.423,00;6;128;6.4;50MP;6000;Android;3.9;12/25/2019;TRUE
575;Oppo Pro 6;Oppo;8.169.681,00;8;64;6.5;12MP;4000;Android;3.7;5/1/2024;FALSE
576;Oppo Pro 6;Oppo;22.012.586,00;16;512;6.8;50MP;4000;Android;3.1;3/5/2020;FALSE
577;Oppo Pro 6;Oppo;9.470.373,00;4;128;5.5;12MP;4500;Android;3.1;6/27/2019;FALSE
578;Oppo Pro 8;Oppo;9.990.974,00;4;256;6.4;64MP;4000;Android;1.5;10/27/2019;TRUE
579;Oppo Pro 8;Oppo;19.163.662,00;16;128;6.5;64MP;4500;Android;2.7;2/8/2021;FALSE
580;Oppo Ultra 11;Oppo;3.193.413,00;12;128;6.1;50MP;4000;Android;3.8;12/13/2021;TRUE
581;Oppo Ultra 13;Oppo;15.928.270,00;6;256;6.5;12MP;5000;Android;3.2;4/23/2024;TRUE
582;Oppo Ultra 14;Oppo;2.733.885,00;8;512;6.4;108MP;5000;Android;2;6/20/2023;TRUE
583;Oppo Ultra 14;Oppo;5.914.817,00;16;64;5.5;108MP;5000;Android;2.8;3/27/2019;FALSE
584;Oppo Ultra 15;Oppo;3.606.719,00;8;512;6.4;12MP;5000;Android;4.3;11/17/2020;TRUE
585;Oppo Ultra 15;Oppo;13.483.544,00;8;256;6.1;64MP;4000;Android;4.1;12/18/2021;TRUE
586;Oppo Ultra 17;Oppo;24.083.343,00;6;256;5.5;64MP;6000;Android;1.9;12/10/2019;FALSE
587;Oppo Ultra 18;Oppo;19.095.973,00;12;64;6.5;64MP;4500;Android;4.5;12/3/2019;TRUE
588;Oppo Ultra 20;Oppo;6.684.973,00;4;512;6.1;64MP;4000;Android;3.6;8/22/2021;FALSE
589;Oppo Ultra 21;Oppo;7.382.631,00;4;128;5.5;12MP;4000;Android;3;4/11/2020;TRUE
590;Oppo Ultra 22;Oppo;2.648.254,00;6;128;6.4;50MP;6000;Android;1.5;8/31/2022;FALSE
591;Oppo Ultra 22;Oppo;19.377.973,00;6;64;6.8;50MP;4500;Android;4.8;10/19/2022;TRUE
592;Oppo Ultra 23;Oppo;24.544.760,00;16;512;6.7;50MP;5000;Android;2.3;3/3/2019;FALSE
593;Oppo Ultra 23;Oppo;13.834.440,00;16;64;6.7;50MP;4000;Android;2.5;2/4/2021;FALSE
594;Oppo Ultra 24;Oppo;6.042.246,00;6;512;6.8;12MP;4500;Android;2.2;6/1/2023;TRUE
595;Oppo Ultra 27;Oppo;14.628.507,00;4;128;6.8;50MP;4500;Android;4.2;4/2/2024;TRUE
596;Oppo Ultra 28;Oppo;10.311.337,00;8;64;6.5;108MP;6000;Android;4.9;6/11/2021;TRUE
597;Oppo Ultra 29;Oppo;2.836.545,00;8;64;6.7;108MP;4000;Android;3.3;5/10/2020;TRUE
598;Oppo Ultra 30;Oppo;15.241.640,00;12;64;6.7;50MP;5000;Android;2.2;1/5/2023;FALSE
599;Oppo Ultra 6;Oppo;18.429.262,00;16;64;6.5;48MP;5000;Android;4.1;8/27/2019;FALSE
600;Oppo Ultra 7;Oppo;15.259.267,00;12;64;5.5;50MP;4500;Android;4.8;9/20/2022;FALSE
601;Oppo Ultra 9;Oppo;16.747.793,00;6;512;6.7;12MP;4000;Android;4.5;8/20/2022;FALSE
602;Realme Max 10;Realme;16.311.828,00;12;256;5.5;64MP;6000;Android;2.7;10/25/2023;FALSE
603;Realme Max 15;Realme;3.156.318,00;16;256;6.5;108MP;4500;Android;3.3;3/30/2023;FALSE
604;Realme Max 16;Realme;24.782.298,00;6;128;6.5;64MP;6000;Android;3.4;4/9/2022;TRUE
605;Realme Max 17;Realme;13.646.735,00;6;512;6.8;50MP;4000;Android;1.2;2/26/2024;TRUE
606;Realme Max 18;Realme;23.055.944,00;16;128;6.8;50MP;4500;Android;4.6;12/5/2020;FALSE
607;Realme Max 19;Realme;19.436.376,00;4;256;6.1;64MP;4000;Android;3.6;8/15/2021;FALSE
608;Realme Max 20;Realme;20.769.883,00;16;256;6.7;108MP;4000;Android;1.9;2/2/2022;FALSE
609;Realme Max 21;Realme;20.785.861,00;6;64;6.5;50MP;5000;Android;4.2;6/21/2024;FALSE
610;Realme Max 21;Realme;15.879.968,00;6;64;6.5;108MP;4000;Android;4;1/10/2024;TRUE
611;Realme Max 23;Realme;9.879.436,00;6;512;5.5;108MP;4000;Android;1.4;12/25/2023;TRUE
612;Realme Max 23;Realme;5.328.645,00;12;128;6.1;50MP;4000;Android;1;12/26/2023;FALSE
613;Realme Max 23;Realme;22.929.823,00;6;128;6.1;50MP;4500;Android;2.2;12/23/2021;TRUE
614;Realme Max 24;Realme;11.743.988,00;4;128;6.1;108MP;5000;Android;3.7;7/24/2022;FALSE
615;Realme Max 24;Realme;4.923.462,00;16;64;6.4;48MP;6000;Android;4.1;11/4/2023;TRUE
616;Realme Max 25;Realme;1.575.559,00;6;512;6.4;12MP;4000;Android;4;4/23/2021;TRUE
617;Realme Max 26;Realme;20.297.304,00;8;128;6.5;12MP;5000;Android;1.9;10/15/2023;TRUE
618;Realme Max 27;Realme;15.725.998,00;6;128;5.5;50MP;6000;Android;4.1;8/16/2022;FALSE
619;Realme Max 5;Realme;6.138.119,00;8;256;6.1;12MP;6000;Android;4;3/24/2020;TRUE
620;Realme Max 6;Realme;7.497.152,00;8;512;6.5;12MP;4500;Android;3.6;7/30/2022;FALSE
621;Realme Max 6;Realme;20.905.286,00;6;128;6.1;64MP;4500;Android;2.8;4/30/2024;FALSE
622;Realme Max 7;Realme;3.013.880,00;4;512;6.5;64MP;6000;Android;4;7/1/2021;TRUE
623;Realme Max 7;Realme;5.853.359,00;12;64;6.4;64MP;6000;Android;3.9;9/28/2023;FALSE
624;Realme Max 8;Realme;13.534.478,00;4;512;6.4;12MP;5000;Android;2.7;10/5/2023;FALSE
625;Realme Note 11;Realme;2.984.139,00;6;64;6.8;108MP;4500;Android;2.8;6/23/2020;FALSE
626;Realme Note 11;Realme;15.805.775,00;16;64;6.1;50MP;5000;Android;4.6;9/10/2019;FALSE
627;Realme Note 12;Realme;22.981.641,00;4;64;6.7;48MP;5000;Android;4.5;2/24/2019;FALSE
628;Realme Note 14;Realme;22.315.930,00;12;256;6.7;108MP;4000;Android;1.3;3/2/2021;TRUE
629;Realme Note 16;Realme;11.332.930,00;6;256;6.5;108MP;4500;Android;4.3;4/10/2021;TRUE
630;Realme Note 17;Realme;18.249.641,00;4;64;6.7;64MP;4000;Android;3;7/10/2021;FALSE
631;Realme Note 19;Realme;7.034.483,00;8;512;6.8;108MP;5000;Android;2.6;8/7/2021;TRUE
632;Realme Note 19;Realme;11.862.396,00;4;256;5.5;48MP;5000;Android;4.7;5/12/2021;FALSE
633;Realme Note 20;Realme;12.808.275,00;6;128;6.1;12MP;6000;Android;1.7;3/25/2024;FALSE
634;Realme Note 20;Realme;20.037.035,00;6;64;6.5;48MP;4500;Android;4.9;5/5/2024;FALSE
635;Realme Note 20;Realme;9.254.151,00;16;512;6.1;108MP;5000;Android;2.6;9/12/2022;TRUE
636;Realme Note 20;Realme;19.772.871,00;6;64;6.5;48MP;4500;Android;2.8;11/30/2023;FALSE
637;Realme Note 21;Realme;6.485.656,00;6;128;6.8;50MP;4500;Android;1.9;3/21/2022;FALSE
638;Realme Note 23;Realme;20.711.041,00;6;128;6.1;50MP;4500;Android;2.3;1/15/2019;FALSE
639;Realme Note 24;Realme;11.002.841,00;12;64;6.4;64MP;4000;Android;3.2;7/1/2023;FALSE
640;Realme Note 24;Realme;17.017.168,00;8;512;6.5;64MP;4000;Android;4.3;7/31/2022;FALSE
641;Realme Note 24;Realme;10.292.705,00;6;512;6.7;48MP;4000;Android;4.2;2/4/2020;FALSE
642;Realme Note 26;Realme;4.237.905,00;12;64;6.1;108MP;4500;Android;4.7;8/10/2020;TRUE
643;Realme Note 27;Realme;18.001.352,00;4;512;5.5;12MP;5000;Android;3.3;10/7/2020;FALSE
644;Realme Note 28;Realme;4.237.279,00;8;128;6.1;12MP;4000;Android;4.6;6/23/2019;FALSE
645;Realme Note 28;Realme;14.439.693,00;16;256;6.7;12MP;4000;Android;3.9;8/28/2019;FALSE
646;Realme Note 29;Realme;10.062.620,00;12;256;6.8;64MP;6000;Android;1.1;2/18/2020;TRUE
647;Realme Note 29;Realme;15.263.465,00;12;256;6.7;50MP;4000;Android;1.5;7/19/2020;TRUE
648;Realme Note 30;Realme;17.264.062,00;16;512;6.1;64MP;5000;Android;3.9;4/22/2022;FALSE
649;Realme Note 30;Realme;6.779.277,00;8;256;6.8;108MP;4000;Android;1.8;3/28/2019;TRUE
650;Realme Note 30;Realme;9.660.168,00;8;256;5.5;50MP;5000;Android;4.7;1/1/2024;FALSE
651;Realme Note 5;Realme;19.897.555,00;4;64;6.4;50MP;4000;Android;3.5;6/3/2019;FALSE
652;Realme Note 5;Realme;15.253.946,00;6;512;6.5;48MP;5000;Android;2.6;1/14/2022;FALSE
653;Realme Note 5;Realme;19.825.594,00;8;256;6.4;108MP;6000;Android;4.3;12/31/2020;TRUE
654;Realme Note 6;Realme;5.528.167,00;4;256;6.4;108MP;5000;Android;1.6;7/17/2023;TRUE
655;Realme Note 7;Realme;10.818.303,00;6;128;6.7;48MP;4000;Android;3.9;6/21/2024;TRUE
656;Realme Note 8;Realme;16.362.657,00;6;512;6.1;108MP;5000;Android;4.6;8/16/2020;TRUE
657;Realme Note 9;Realme;7.506.925,00;6;512;6.8;64MP;4000;Android;4.5;7/14/2021;TRUE
658;Realme Pro 10;Realme;17.017.365,00;8;256;6.7;12MP;4000;Android;1.8;9/12/2021;TRUE
659;Realme Pro 11;Realme;18.617.484,00;4;128;5.5;64MP;4000;Android;3.6;8/15/2022;FALSE
660;Realme Pro 12;Realme;18.887.834,00;6;256;6.8;12MP;6000;Android;1.6;7/27/2020;FALSE
661;Realme Pro 12;Realme;20.130.131,00;4;256;5.5;108MP;4500;Android;4;7/22/2020;TRUE
662;Realme Pro 14;Realme;17.813.919,00;8;512;6.5;12MP;4500;Android;4.9;3/9/2019;FALSE
663;Realme Pro 18;Realme;14.076.457,00;16;256;6.8;50MP;6000;Android;4.3;4/15/2023;FALSE
664;Realme Pro 18;Realme;7.044.421,00;8;512;6.8;108MP;4000;Android;3.1;10/21/2020;FALSE
665;Realme Pro 18;Realme;5.901.275,00;6;256;6.5;50MP;4000;Android;4;6/21/2023;TRUE
666;Realme Pro 18;Realme;13.971.670,00;16;512;5.5;64MP;4500;Android;1;9/1/2021;FALSE
667;Realme Pro 21;Realme;6.904.008,00;12;256;6.8;64MP;5000;Android;2.2;7/2/2022;FALSE
668;Realme Pro 22;Realme;14.547.695,00;12;256;5.5;12MP;4000;Android;4;9/15/2020;TRUE
669;Realme Pro 23;Realme;6.187.084,00;6;128;6.7;48MP;4000;Android;1.9;4/15/2020;TRUE
670;Realme Pro 25;Realme;8.178.293,00;16;512;6.8;12MP;6000;Android;4.4;7/22/2021;FALSE
671;Realme Pro 25;Realme;23.079.442,00;16;128;5.5;48MP;4000;Android;2;12/19/2020;FALSE
672;Realme Pro 26;Realme;6.688.030,00;12;256;6.5;12MP;6000;Android;4.3;6/21/2024;FALSE
673;Realme Pro 27;Realme;21.855.150,00;8;256;6.8;50MP;6000;Android;2;10/23/2020;TRUE
674;Realme Pro 28;Realme;21.518.192,00;6;64;6.7;48MP;4500;Android;1.5;1/27/2022;TRUE
675;Realme Pro 29;Realme;14.699.576,00;12;64;6.7;50MP;4500;Android;4.3;11/25/2023;TRUE
676;Realme Pro 29;Realme;14.974.339,00;12;512;6.8;48MP;4000;Android;1.6;12/24/2019;TRUE
677;Realme Pro 30;Realme;17.395.387,00;16;64;6.5;50MP;5000;Android;3.6;1/5/2023;TRUE
678;Realme Pro 5;Realme;21.921.655,00;12;256;6.7;108MP;4000;Android;2.7;12/28/2022;TRUE
679;Realme Pro 7;Realme;2.172.249,00;12;256;6.7;50MP;4500;Android;2.1;1/7/2023;FALSE
680;Realme Pro 8;Realme;8.160.880,00;6;64;6.4;12MP;4500;Android;4.6;8/15/2021;FALSE
681;Realme Ultra 11;Realme;11.028.722,00;16;64;5.5;12MP;4500;Android;3.9;2/29/2024;TRUE
682;Realme Ultra 11;Realme;2.215.478,00;16;256;6.4;108MP;4000;Android;1.4;7/6/2020;TRUE
683;Realme Ultra 11;Realme;10.749.075,00;6;256;6.5;50MP;6000;Android;4.6;7/23/2023;TRUE
684;Realme Ultra 13;Realme;18.699.830,00;8;256;5.5;50MP;5000;Android;4.6;10/3/2019;FALSE
685;Realme Ultra 13;Realme;20.527.337,00;4;256;5.5;64MP;5000;Android;2.9;7/28/2023;FALSE
686;Realme Ultra 14;Realme;4.076.440,00;16;512;6.1;108MP;4000;Android;2.2;7/2/2022;TRUE
687;Realme Ultra 14;Realme;12.059.492,00;6;512;6.5;64MP;4000;Android;1.6;9/13/2021;FALSE
688;Realme Ultra 14;Realme;18.840.190,00;12;512;5.5;50MP;5000;Android;1.3;3/28/2024;FALSE
689;Realme Ultra 15;Realme;8.457.311,00;12;64;6.4;48MP;6000;Android;2.1;2/14/2020;TRUE
690;Realme Ultra 16;Realme;6.675.445,00;4;128;6.7;108MP;4500;Android;3;10/7/2021;FALSE
691;Realme Ultra 16;Realme;23.427.886,00;12;64;6.4;12MP;6000;Android;1.9;1/7/2021;FALSE
692;Realme Ultra 16;Realme;8.883.818,00;4;128;6.5;64MP;5000;Android;4.1;3/13/2022;FALSE
693;Realme Ultra 17;Realme;4.420.963,00;6;128;6.1;64MP;4500;Android;3.1;2/14/2024;TRUE
694;Realme Ultra 18;Realme;15.859.221,00;12;256;6.1;12MP;4500;Android;1.5;2/17/2024;FALSE
695;Realme Ultra 19;Realme;8.778.668,00;6;512;6.8;64MP;4500;Android;4.1;7/16/2020;FALSE
696;Realme Ultra 20;Realme;18.754.387,00;6;512;6.4;108MP;6000;Android;1.8;3/12/2024;FALSE
697;Realme Ultra 22;Realme;8.370.325,00;12;512;5.5;64MP;6000;Android;3.7;10/3/2023;FALSE
698;Realme Ultra 23;Realme;23.530.037,00;8;512;6.1;12MP;6000;Android;1.7;4/20/2023;TRUE
699;Realme Ultra 25;Realme;15.125.326,00;12;128;5.5;108MP;4500;Android;4.1;7/31/2023;FALSE
700;Realme Ultra 25;Realme;1.543.848,00;12;512;6.1;48MP;4500;Android;2.9;7/8/2020;FALSE
701;Realme Ultra 25;Realme;21.232.763,00;12;512;6.5;12MP;4500;Android;4.6;9/27/2023;TRUE
702;Realme Ultra 26;Realme;5.753.547,00;6;256;6.7;12MP;5000;Android;3;3/1/2022;FALSE
703;Realme Ultra 27;Realme;12.913.883,00;8;256;6.7;12MP;4500;Android;2.6;8/3/2022;TRUE
704;Realme Ultra 30;Realme;20.152.446,00;16;128;6.8;64MP;5000;Android;3.7;3/4/2021;FALSE
705;Realme Ultra 30;Realme;17.919.919,00;8;64;6.7;64MP;5000;Android;3;3/21/2023;TRUE
706;Realme Ultra 30;Realme;5.282.924,00;12;64;6.7;64MP;4000;Android;2.9;7/19/2021;FALSE
707;Realme Ultra 5;Realme;3.857.566,00;4;256;5.5;108MP;6000;Android;4.4;1/11/2019;TRUE
708;Realme Ultra 6;Realme;17.223.212,00;8;64;6.7;50MP;4500;Android;3.8;3/4/2021;FALSE
709;Realme Ultra 7;Realme;8.688.113,00;8;64;6.1;12MP;4500;Android;4.9;12/4/2022;FALSE
710;Realme Ultra 8;Realme;5.851.303,00;16;64;6.1;50MP;4500;Android;1.2;1/1/2020;TRUE
711;Realme Ultra 8;Realme;10.582.579,00;16;128;6.1;108MP;4000;Android;1.5;1/31/2020;TRUE
712;Realme Ultra 9;Realme;18.859.573,00;6;64;6.4;50MP;6000;Android;1.1;10/4/2022;TRUE
713;Samsung Max 10;Samsung;18.839.355,00;4;512;5.5;50MP;6000;Android;1.4;2/23/2020;TRUE
714;Samsung Max 12;Samsung;5.388.186,00;16;256;6.5;50MP;4000;Android;1.2;3/24/2019;FALSE
715;Samsung Max 14;Samsung;11.392.563,00;6;64;6.4;64MP;4500;Android;2.1;12/27/2022;FALSE
716;Samsung Max 14;Samsung;8.625.381,00;12;256;6.8;50MP;4000;Android;4.8;10/29/2023;TRUE
717;Samsung Max 16;Samsung;13.957.467,00;12;64;5.5;50MP;6000;Android;4.9;8/12/2020;TRUE
718;Samsung Max 16;Samsung;11.941.512,00;12;128;6.7;12MP;5000;Android;2.9;5/21/2019;FALSE
719;Samsung Max 17;Samsung;19.005.580,00;16;256;5.5;48MP;6000;Android;4;3/25/2021;TRUE
720;Samsung Max 18;Samsung;2.363.295,00;12;256;6.1;12MP;5000;Android;1.1;4/18/2019;TRUE
721;Samsung Max 18;Samsung;6.767.320,00;8;512;6.7;48MP;5000;Android;4.8;9/21/2023;TRUE
722;Samsung Max 18;Samsung;21.222.536,00;12;128;5.5;108MP;4000;Android;3.3;1/4/2023;TRUE
723;Samsung Max 18;Samsung;21.006.863,00;16;128;6.4;12MP;4000;Android;3;5/5/2020;TRUE
724;Samsung Max 20;Samsung;12.339.030,00;8;512;5.5;108MP;4500;Android;3;12/4/2023;FALSE
725;Samsung Max 20;Samsung;15.573.726,00;12;256;5.5;48MP;4000;Android;4.1;2/18/2021;FALSE
726;Samsung Max 22;Samsung;9.529.787,00;4;512;6.7;12MP;6000;Android;2.9;5/1/2024;FALSE
727;Samsung Max 23;Samsung;10.595.253,00;4;512;6.1;64MP;4500;Android;3.2;5/28/2024;FALSE
728;Samsung Max 24;Samsung;24.283.873,00;8;128;6.4;108MP;5000;Android;2.8;11/18/2022;FALSE
729;Samsung Max 24;Samsung;2.913.167,00;8;128;6.5;108MP;4500;Android;2.3;7/20/2020;TRUE
730;Samsung Max 24;Samsung;12.193.503,00;12;256;6.4;12MP;6000;Android;2.6;10/1/2022;FALSE
731;Samsung Max 25;Samsung;15.252.644,00;12;512;6.1;12MP;4500;Android;4.6;10/30/2021;TRUE
732;Samsung Max 25;Samsung;18.491.146,00;4;128;6.4;108MP;4500;Android;4.5;6/11/2019;FALSE
733;Samsung Max 26;Samsung;14.950.161,00;12;512;5.5;50MP;6000;Android;4.3;1/31/2021;FALSE
734;Samsung Max 26;Samsung;23.051.763,00;4;512;6.5;48MP;4000;Android;3.9;7/21/2019;FALSE
735;Samsung Max 28;Samsung;13.219.219,00;4;64;6.7;48MP;6000;Android;3.2;6/4/2021;FALSE
736;Samsung Max 28;Samsung;21.458.925,00;4;256;6.8;12MP;4500;Android;4.3;4/28/2020;FALSE
737;Samsung Max 29;Samsung;24.261.645,00;16;512;6.7;64MP;6000;Android;1.2;2/21/2023;FALSE
738;Samsung Max 30;Samsung;11.718.028,00;8;128;5.5;12MP;5000;Android;2.1;2/24/2022;FALSE
739;Samsung Max 30;Samsung;3.866.755,00;8;256;6.7;64MP;4500;Android;4.5;8/30/2023;TRUE
740;Samsung Max 30;Samsung;1.987.608,00;6;512;6.1;64MP;6000;Android;3.1;10/27/2021;TRUE
741;Samsung Max 5;Samsung;15.247.695,00;8;256;5.5;50MP;4500;Android;2.3;9/13/2019;TRUE
742;Samsung Max 5;Samsung;18.642.958,00;8;128;6.4;64MP;6000;Android;2.4;6/22/2021;FALSE
743;Samsung Max 6;Samsung;13.745.538,00;16;512;5.5;48MP;4000;Android;3.9;2/3/2019;FALSE
744;Samsung Max 7;Samsung;21.033.265,00;6;512;6.7;12MP;5000;Android;2.2;4/14/2023;TRUE
745;Samsung Note 15;Samsung;9.414.993,00;16;64;6.1;48MP;5000;Android;2.6;3/31/2019;TRUE
746;Samsung Note 15;Samsung;15.426.365,00;6;128;6.1;64MP;4000;Android;2.3;9/5/2019;TRUE
747;Samsung Note 16;Samsung;10.835.276,00;12;256;6.4;50MP;6000;Android;1.5;3/17/2023;TRUE
748;Samsung Note 17;Samsung;1.609.969,00;4;128;6.4;12MP;6000;Android;4.9;5/22/2023;TRUE
749;Samsung Note 17;Samsung;17.552.103,00;16;64;5.5;108MP;4000;Android;3.9;8/13/2020;TRUE
750;Samsung Note 19;Samsung;16.161.072,00;16;64;6.5;108MP;6000;Android;1.2;3/1/2023;TRUE
751;Samsung Note 20;Samsung;11.989.537,00;12;512;6.5;48MP;5000;Android;3.1;12/11/2022;FALSE
752;Samsung Note 21;Samsung;14.835.439,00;12;128;5.5;12MP;6000;Android;4.5;11/13/2020;FALSE
753;Samsung Note 22;Samsung;4.749.255,00;6;64;6.8;12MP;5000;Android;4.4;10/29/2022;FALSE
754;Samsung Note 22;Samsung;6.086.585,00;6;128;6.5;12MP;5000;Android;2.4;12/24/2022;TRUE
755;Samsung Note 23;Samsung;8.749.452,00;6;256;5.5;48MP;4000;Android;3.6;12/30/2023;TRUE
756;Samsung Note 23;Samsung;24.060.437,00;8;512;6.7;48MP;6000;Android;2.4;2/6/2019;FALSE
757;Samsung Note 25;Samsung;15.516.033,00;6;128;6.8;50MP;5000;Android;1.3;6/9/2023;TRUE
758;Samsung Note 25;Samsung;9.121.191,00;16;64;6.5;12MP;4500;Android;2.9;1/28/2020;TRUE
759;Samsung Note 27;Samsung;18.589.276,00;12;64;6.1;64MP;4500;Android;3.9;3/12/2023;FALSE
760;Samsung Note 28;Samsung;6.923.289,00;6;512;5.5;12MP;4000;Android;4.2;7/17/2019;FALSE
761;Samsung Note 28;Samsung;6.659.704,00;8;512;6.7;50MP;4500;Android;2.3;11/29/2022;FALSE
762;Samsung Note 29;Samsung;24.208.109,00;6;256;6.4;12MP;5000;Android;3.6;8/18/2020;FALSE
763;Samsung Note 29;Samsung;2.453.928,00;8;256;6.8;50MP;5000;Android;3.1;4/11/2021;FALSE
764;Samsung Note 5;Samsung;19.876.000,00;8;512;6.5;12MP;4000;Android;4.8;7/9/2022;TRUE
765;Samsung Note 5;Samsung;12.619.391,00;4;64;5.5;108MP;4000;Android;1.8;2/6/2021;TRUE
766;Samsung Note 6;Samsung;22.245.436,00;6;512;6.8;64MP;4500;Android;3.2;5/14/2024;FALSE
767;Samsung Note 8;Samsung;9.638.947,00;4;128;6.7;12MP;5000;Android;4;6/27/2019;FALSE
768;Samsung Pro 10;Samsung;15.654.532,00;4;128;6.5;50MP;4000;Android;2.1;8/25/2023;TRUE
769;Samsung Pro 13;Samsung;16.550.691,00;4;128;6.7;64MP;5000;Android;3.2;12/27/2023;FALSE
770;Samsung Pro 15;Samsung;23.057.180,00;4;128;6.8;12MP;6000;Android;2.2;1/31/2022;FALSE
771;Samsung Pro 17;Samsung;14.335.313,00;4;512;6.1;48MP;6000;Android;2.7;9/10/2021;TRUE
772;Samsung Pro 17;Samsung;3.482.554,00;6;512;6.8;50MP;4000;Android;2.7;5/5/2024;TRUE
773;Samsung Pro 17;Samsung;17.417.565,00;6;256;6.5;48MP;4000;Android;4.9;12/13/2022;FALSE
774;Samsung Pro 20;Samsung;21.950.082,00;16;256;6.5;108MP;4500;Android;2.2;1/19/2021;TRUE
775;Samsung Pro 21;Samsung;8.342.812,00;12;128;6.4;12MP;4500;Android;3;4/28/2022;TRUE
776;Samsung Pro 21;Samsung;6.188.913,00;12;256;6.8;48MP;4500;Android;1.8;1/15/2019;FALSE
777;Samsung Pro 21;Samsung;12.078.392,00;12;64;5.5;64MP;6000;Android;3.2;9/20/2019;TRUE
778;Samsung Pro 22;Samsung;21.957.828,00;12;128;6.5;12MP;6000;Android;4.1;3/15/2024;TRUE
779;Samsung Pro 22;Samsung;18.105.759,00;16;64;6.7;12MP;4000;Android;5;5/22/2023;TRUE
780;Samsung Pro 23;Samsung;22.315.129,00;8;256;5.5;12MP;4000;Android;4;3/21/2024;FALSE
781;Samsung Pro 25;Samsung;14.798.198,00;6;256;6.7;108MP;4000;Android;1.8;5/25/2022;TRUE
782;Samsung Pro 25;Samsung;17.631.617,00;6;256;6.4;48MP;5000;Android;3.9;11/10/2023;FALSE
783;Samsung Pro 25;Samsung;21.946.284,00;16;64;6.5;12MP;4000;Android;3.9;8/26/2022;TRUE
784;Samsung Pro 26;Samsung;19.431.235,00;4;64;6.1;64MP;5000;Android;4.5;5/5/2022;FALSE
785;Samsung Pro 27;Samsung;8.078.234,00;16;128;6.1;108MP;5000;Android;3.8;2/28/2024;TRUE
786;Samsung Pro 27;Samsung;21.828.750,00;8;128;5.5;48MP;6000;Android;2.6;8/7/2020;TRUE
787;Samsung Pro 29;Samsung;23.841.161,00;6;64;6.8;12MP;6000;Android;3.9;4/12/2021;TRUE
788;Samsung Pro 29;Samsung;22.680.434,00;12;128;6.1;108MP;4000;Android;4;6/20/2019;TRUE
789;Samsung Pro 30;Samsung;8.897.920,00;12;512;6.4;108MP;5000;Android;2.8;10/18/2022;TRUE
790;Samsung Pro 5;Samsung;8.222.336,00;16;64;6.4;48MP;4000;Android;2.8;9/27/2021;TRUE
791;Samsung Pro 6;Samsung;7.226.949,00;12;256;6.8;48MP;6000;Android;2.8;7/22/2023;TRUE
792;Samsung Pro 9;Samsung;16.099.252,00;6;128;6.8;64MP;4500;Android;3.3;6/5/2020;TRUE
793;Samsung Pro 9;Samsung;3.240.576,00;4;64;6.4;108MP;6000;Android;2.5;10/14/2021;TRUE
794;Samsung Pro 9;Samsung;6.833.387,00;6;256;6.8;12MP;6000;Android;4.1;5/16/2019;FALSE
795;Samsung Ultra 10;Samsung;20.134.627,00;12;256;6.5;50MP;6000;Android;3.1;9/20/2023;TRUE
796;Samsung Ultra 12;Samsung;19.406.951,00;16;512;6.8;108MP;4000;Android;2.9;8/28/2023;TRUE
797;Samsung Ultra 14;Samsung;19.887.641,00;4;512;6.5;64MP;4500;Android;4.7;1/26/2023;TRUE
798;Samsung Ultra 14;Samsung;3.984.532,00;8;128;6.4;48MP;6000;Android;4.6;11/22/2022;FALSE
799;Samsung Ultra 18;Samsung;1.524.570,00;8;128;6.8;64MP;5000;Android;2.3;5/16/2023;TRUE
800;Samsung Ultra 20;Samsung;4.233.694,00;16;256;5.5;64MP;6000;Android;3.7;9/7/2021;FALSE
801;Samsung Ultra 20;Samsung;14.128.594,00;4;128;6.1;12MP;4000;Android;4;12/25/2019;FALSE
802;Samsung Ultra 24;Samsung;9.901.631,00;12;64;6.4;12MP;4500;Android;2.9;3/7/2024;FALSE
803;Samsung Ultra 25;Samsung;15.978.806,00;6;256;6.8;48MP;5000;Android;1;8/31/2019;TRUE
804;Samsung Ultra 26;Samsung;18.178.686,00;4;512;6.1;108MP;4000;Android;1;7/31/2023;FALSE
805;Samsung Ultra 26;Samsung;3.237.894,00;8;64;6.8;48MP;5000;Android;4.5;9/17/2023;TRUE
806;Samsung Ultra 26;Samsung;9.632.018,00;16;128;6.7;108MP;6000;Android;1.6;2/5/2023;TRUE
807;Samsung Ultra 26;Samsung;18.079.343,00;16;512;6.8;50MP;6000;Android;2.2;4/28/2021;FALSE
808;Samsung Ultra 26;Samsung;11.207.804,00;12;256;6.1;64MP;4000;Android;3.8;9/10/2021;FALSE
809;Samsung Ultra 28;Samsung;12.168.074,00;4;512;6.1;50MP;6000;Android;4.9;7/26/2021;TRUE
810;Samsung Ultra 28;Samsung;6.627.638,00;4;256;6.5;108MP;6000;Android;4.3;10/18/2020;FALSE
811;Samsung Ultra 7;Samsung;1.855.991,00;8;128;6.5;64MP;6000;Android;1.8;5/5/2023;FALSE
812;Samsung Ultra 8;Samsung;18.248.769,00;6;64;6.4;48MP;5000;Android;2.2;2/21/2019;TRUE
813;Samsung Ultra 9;Samsung;14.580.784,00;12;64;6.7;50MP;4000;Android;3.6;12/7/2022;TRUE
814;Vivo Max 10;Vivo;15.801.842,00;16;128;6.8;50MP;5000;Android;2.6;10/30/2020;TRUE
815;Vivo Max 12;Vivo;15.990.864,00;16;128;6.8;12MP;4500;Android;1.9;9/5/2019;TRUE
816;Vivo Max 13;Vivo;13.211.798,00;16;128;6.7;48MP;5000;Android;1.9;6/1/2019;FALSE
817;Vivo Max 15;Vivo;14.848.840,00;4;64;6.5;48MP;6000;Android;1.3;1/5/2020;FALSE
818;Vivo Max 16;Vivo;13.062.991,00;4;512;6.4;108MP;6000;Android;2.3;3/2/2020;FALSE
819;Vivo Max 17;Vivo;23.858.993,00;16;64;5.5;108MP;4500;Android;2.3;3/28/2019;FALSE
820;Vivo Max 17;Vivo;19.336.961,00;6;512;6.5;12MP;4000;Android;3.7;4/3/2021;TRUE
821;Vivo Max 18;Vivo;12.718.450,00;12;256;6.1;48MP;6000;Android;4.4;2/18/2020;TRUE
822;Vivo Max 20;Vivo;8.483.654,00;16;512;6.7;12MP;4500;Android;3.6;7/1/2023;FALSE
823;Vivo Max 20;Vivo;24.295.423,00;6;64;6.8;12MP;6000;Android;3.6;7/6/2019;FALSE
824;Vivo Max 20;Vivo;17.161.206,00;8;128;5.5;64MP;4000;Android;1;2/24/2024;TRUE
825;Vivo Max 22;Vivo;6.403.617,00;12;64;6.4;12MP;4000;Android;3.2;3/29/2024;TRUE
826;Vivo Max 22;Vivo;8.808.804,00;12;128;6.8;48MP;5000;Android;3.5;3/12/2022;FALSE
827;Vivo Max 22;Vivo;24.818.356,00;6;128;6.1;108MP;6000;Android;4.8;4/22/2020;FALSE
828;Vivo Max 23;Vivo;19.306.399,00;6;128;6.4;108MP;6000;Android;1.9;11/27/2022;TRUE
829;Vivo Max 23;Vivo;7.956.105,00;6;512;5.5;64MP;5000;Android;1.5;12/12/2022;FALSE
830;Vivo Max 23;Vivo;22.106.182,00;4;64;6.7;48MP;6000;Android;3;1/30/2023;TRUE
831;Vivo Max 25;Vivo;8.762.609,00;16;256;6.5;12MP;4000;Android;4.2;6/3/2023;FALSE
832;Vivo Max 25;Vivo;23.656.448,00;16;512;6.8;50MP;4500;Android;1.4;2/28/2022;TRUE
833;Vivo Max 28;Vivo;23.199.905,00;4;256;5.5;64MP;6000;Android;1.5;3/9/2022;FALSE
834;Vivo Max 28;Vivo;8.760.117,00;6;512;6.4;108MP;4000;Android;3.9;4/4/2022;TRUE
835;Vivo Max 29;Vivo;11.754.999,00;8;64;6.5;48MP;4500;Android;1.9;6/21/2019;TRUE
836;Vivo Max 5;Vivo;11.294.002,00;12;512;6.1;64MP;6000;Android;3.5;5/17/2019;FALSE
837;Vivo Max 5;Vivo;6.438.133,00;16;128;6.5;12MP;4000;Android;3.6;12/30/2021;FALSE
838;Vivo Max 5;Vivo;23.061.947,00;12;128;6.1;108MP;6000;Android;2.2;5/9/2019;TRUE
839;Vivo Max 5;Vivo;8.852.580,00;4;64;6.5;108MP;5000;Android;2.1;5/14/2023;FALSE
840;Vivo Max 7;Vivo;17.475.120,00;8;64;6.1;12MP;4500;Android;4.9;9/7/2023;FALSE
841;Vivo Max 7;Vivo;2.076.163,00;12;128;6.5;12MP;5000;Android;3.3;11/25/2020;TRUE
842;Vivo Max 7;Vivo;23.315.535,00;6;64;6.5;48MP;4500;Android;3.7;6/21/2023;FALSE
843;Vivo Max 8;Vivo;13.461.216,00;12;512;6.4;50MP;4000;Android;4.9;10/25/2021;TRUE
844;Vivo Max 9;Vivo;7.156.708,00;8;512;6.5;108MP;6000;Android;4.1;5/22/2020;TRUE
845;Vivo Max 9;Vivo;5.715.418,00;16;256;6.1;48MP;6000;Android;4.7;9/17/2022;FALSE
846;Vivo Note 10;Vivo;16.942.759,00;4;64;5.5;48MP;4500;Android;4.3;9/1/2019;TRUE
847;Vivo Note 11;Vivo;9.881.053,00;12;128;6.8;50MP;6000;Android;4.8;8/20/2021;FALSE
848;Vivo Note 11;Vivo;23.523.848,00;8;128;6.7;12MP;4500;Android;3.4;7/25/2021;FALSE
849;Vivo Note 11;Vivo;20.165.495,00;6;256;6.4;48MP;4000;Android;1.5;3/1/2023;FALSE
850;Vivo Note 12;Vivo;8.666.064,00;8;128;6.4;50MP;5000;Android;3.2;3/18/2022;FALSE
851;Vivo Note 13;Vivo;3.194.283,00;12;256;6.7;64MP;6000;Android;1.5;10/27/2019;TRUE
852;Vivo Note 13;Vivo;5.219.669,00;16;64;6.8;108MP;6000;Android;3.3;10/12/2020;TRUE
853;Vivo Note 16;Vivo;16.469.521,00;6;64;6.7;64MP;5000;Android;4;3/24/2021;FALSE
854;Vivo Note 16;Vivo;1.937.352,00;8;64;6.7;108MP;4000;Android;1.7;2/24/2024;FALSE
855;Vivo Note 19;Vivo;9.701.677,00;16;128;6.5;12MP;5000;Android;4.3;6/6/2024;FALSE
856;Vivo Note 20;Vivo;24.872.568,00;12;512;5.5;108MP;5000;Android;2;5/5/2024;FALSE
857;Vivo Note 21;Vivo;17.543.198,00;16;512;6.4;48MP;6000;Android;1.4;2/6/2019;TRUE
858;Vivo Note 21;Vivo;24.642.910,00;4;64;6.4;48MP;4000;Android;3.1;5/22/2021;TRUE
859;Vivo Note 21;Vivo;11.806.922,00;8;512;6.7;50MP;4500;Android;1.3;5/2/2019;FALSE
860;Vivo Note 23;Vivo;12.680.260,00;12;64;6.5;108MP;4500;Android;4.6;9/1/2021;FALSE
861;Vivo Note 24;Vivo;22.332.523,00;6;256;6.5;50MP;5000;Android;2;6/27/2021;TRUE
862;Vivo Note 24;Vivo;7.066.102,00;4;128;6.4;50MP;4500;Android;2.4;7/15/2023;TRUE
863;Vivo Note 26;Vivo;4.781.927,00;4;64;6.4;64MP;6000;Android;3.7;4/16/2023;FALSE
864;Vivo Note 7;Vivo;2.293.427,00;8;512;6.4;48MP;4500;Android;3;12/5/2021;TRUE
865;Vivo Note 9;Vivo;4.770.379,00;4;512;6.8;64MP;4000;Android;3.9;6/10/2019;FALSE
866;Vivo Note 9;Vivo;24.898.026,00;8;512;6.7;12MP;5000;Android;2.1;6/10/2020;FALSE
867;Vivo Note 9;Vivo;13.689.700,00;4;128;6.4;108MP;4500;Android;2.6;5/22/2023;FALSE
868;Vivo Pro 10;Vivo;20.530.582,00;8;64;6.7;48MP;4500;Android;2.9;12/9/2019;TRUE
869;Vivo Pro 10;Vivo;9.802.276,00;8;256;6.5;48MP;6000;Android;3.3;6/23/2020;FALSE
870;Vivo Pro 11;Vivo;8.655.493,00;8;64;6.8;64MP;5000;Android;3.9;10/20/2021;FALSE
871;Vivo Pro 13;Vivo;16.874.135,00;6;64;6.8;64MP;4500;Android;2.9;6/1/2020;FALSE
872;Vivo Pro 14;Vivo;24.902.356,00;12;64;6.8;12MP;4000;Android;2.7;2/24/2019;FALSE
873;Vivo Pro 16;Vivo;11.048.595,00;6;512;5.5;48MP;4000;Android;2.8;6/7/2021;TRUE
874;Vivo Pro 16;Vivo;11.804.628,00;4;64;6.8;50MP;4500;Android;2.5;10/15/2021;TRUE
875;Vivo Pro 16;Vivo;4.309.809,00;12;64;5.5;48MP;4000;Android;2.6;12/7/2019;TRUE
876;Vivo Pro 19;Vivo;14.208.269,00;4;512;6.8;50MP;5000;Android;1.3;6/20/2022;FALSE
877;Vivo Pro 19;Vivo;21.961.694,00;8;64;5.5;48MP;4000;Android;2.3;8/21/2022;FALSE
878;Vivo Pro 20;Vivo;5.942.946,00;4;256;6.7;50MP;4000;Android;1.9;2/8/2023;FALSE
879;Vivo Pro 20;Vivo;4.335.923,00;16;128;6.8;50MP;4000;Android;4;1/6/2020;FALSE
880;Vivo Pro 21;Vivo;10.116.392,00;4;64;6.5;108MP;5000;Android;4.5;5/27/2023;FALSE
881;Vivo Pro 23;Vivo;21.423.889,00;6;128;6.7;12MP;6000;Android;2.2;5/15/2019;FALSE
882;Vivo Pro 23;Vivo;21.597.718,00;8;512;6.1;50MP;6000;Android;1.7;2/13/2021;FALSE
883;Vivo Pro 23;Vivo;16.013.329,00;8;128;6.7;108MP;4000;Android;1.2;12/15/2020;FALSE
884;Vivo Pro 23;Vivo;20.603.075,00;8;64;6.7;12MP;4500;Android;3.8;4/3/2024;FALSE
885;Vivo Pro 24;Vivo;18.966.488,00;16;512;6.8;50MP;5000;Android;2.5;11/23/2020;FALSE
886;Vivo Pro 25;Vivo;14.702.665,00;6;512;5.5;48MP;5000;Android;4.8;8/4/2021;TRUE
887;Vivo Pro 27;Vivo;21.281.333,00;8;512;5.5;48MP;5000;Android;4.1;1/9/2023;TRUE
888;Vivo Pro 28;Vivo;17.888.050,00;8;512;6.1;48MP;4000;Android;1.4;7/4/2019;FALSE
889;Vivo Pro 28;Vivo;21.738.855,00;16;256;6.1;108MP;6000;Android;2.1;11/2/2023;TRUE
890;Vivo Pro 28;Vivo;2.569.620,00;12;512;6.8;64MP;4000;Android;4.7;5/10/2023;TRUE
891;Vivo Pro 29;Vivo;21.417.593,00;4;64;6.5;12MP;6000;Android;1.8;4/2/2022;TRUE
892;Vivo Pro 29;Vivo;7.297.723,00;12;256;6.7;50MP;4000;Android;1.4;4/5/2024;FALSE
893;Vivo Pro 30;Vivo;19.926.034,00;16;64;6.5;64MP;5000;Android;1.5;1/2/2024;TRUE
894;Vivo Pro 5;Vivo;4.970.315,00;4;256;6.1;12MP;4000;Android;2.2;1/25/2021;TRUE
895;Vivo Pro 5;Vivo;18.250.821,00;6;64;6.5;108MP;6000;Android;3.6;7/25/2022;TRUE
896;Vivo Pro 6;Vivo;7.113.981,00;8;64;6.1;48MP;4500;Android;3.6;9/1/2019;TRUE
897;Vivo Pro 7;Vivo;8.933.014,00;12;128;6.5;50MP;4000;Android;1.4;11/23/2020;TRUE
898;Vivo Ultra 12;Vivo;20.788.853,00;16;512;6.1;108MP;5000;Android;4.5;6/29/2020;FALSE
899;Vivo Ultra 13;Vivo;9.089.429,00;6;512;6.8;48MP;6000;Android;1.1;11/19/2022;TRUE
900;Vivo Ultra 13;Vivo;16.249.626,00;6;512;6.7;50MP;4000;Android;3.7;3/2/2023;TRUE
901;Vivo Ultra 14;Vivo;2.671.752,00;16;512;6.8;50MP;5000;Android;1.2;10/14/2020;TRUE
902;Vivo Ultra 15;Vivo;2.185.359,00;16;256;6.5;50MP;5000;Android;4.7;2/24/2022;TRUE
903;Vivo Ultra 15;Vivo;10.385.010,00;12;128;6.7;48MP;4500;Android;4.8;10/5/2019;TRUE
904;Vivo Ultra 18;Vivo;24.425.431,00;16;256;6.7;108MP;5000;Android;2.5;6/21/2023;FALSE
905;Vivo Ultra 18;Vivo;24.088.342,00;6;128;6.5;48MP;5000;Android;4.6;12/22/2023;TRUE
906;Vivo Ultra 18;Vivo;18.228.986,00;4;128;6.5;108MP;6000;Android;4.9;6/27/2020;TRUE
907;Vivo Ultra 20;Vivo;5.340.081,00;4;64;6.4;12MP;4000;Android;4.7;5/4/2020;FALSE
908;Vivo Ultra 20;Vivo;17.669.319,00;16;256;6.4;48MP;4500;Android;3.5;12/8/2023;FALSE
909;Vivo Ultra 20;Vivo;13.351.314,00;16;64;6.8;50MP;6000;Android;3.4;4/28/2022;TRUE
910;Vivo Ultra 22;Vivo;24.192.734,00;4;128;6.1;64MP;6000;Android;1.8;4/5/2024;TRUE
911;Vivo Ultra 23;Vivo;18.788.759,00;12;128;6.7;64MP;5000;Android;1.9;2/29/2020;FALSE
912;Vivo Ultra 25;Vivo;21.541.669,00;6;64;6.7;64MP;4500;Android;4.6;7/3/2021;FALSE
913;Vivo Ultra 25;Vivo;9.472.567,00;6;128;5.5;50MP;5000;Android;1.8;8/22/2020;FALSE
914;Vivo Ultra 27;Vivo;15.270.203,00;16;512;6.4;12MP;4000;Android;1.3;3/3/2022;FALSE
915;Vivo Ultra 29;Vivo;10.382.846,00;16;256;6.4;12MP;4000;Android;1.1;10/21/2020;TRUE
916;Vivo Ultra 5;Vivo;17.650.455,00;16;64;6.5;64MP;4000;Android;1.9;12/5/2022;TRUE
917;Vivo Ultra 5;Vivo;24.422.921,00;6;64;6.5;64MP;5000;Android;2;4/4/2022;FALSE
918;Vivo Ultra 5;Vivo;9.927.049,00;6;64;5.5;50MP;6000;Android;1.4;8/22/2023;FALSE
919;Vivo Ultra 7;Vivo;19.779.688,00;16;512;6.7;50MP;4000;Android;2.5;5/12/2019;TRUE
920;Vivo Ultra 7;Vivo;15.015.792,00;12;256;6.7;108MP;5000;Android;1.2;4/22/2020;FALSE
921;Vivo Ultra 7;Vivo;18.009.641,00;6;256;6.1;108MP;4000;Android;1.7;1/31/2023;FALSE
922;Xiaomi Max 10;Xiaomi;17.638.872,00;16;128;6.8;48MP;6000;Android;4.5;7/7/2019;TRUE
923;Xiaomi Max 11;Xiaomi;24.988.565,00;8;512;6.1;48MP;5000;Android;1.7;5/23/2019;FALSE
924;Xiaomi Max 18;Xiaomi;8.048.529,00;4;512;6.4;48MP;4500;Android;2.7;11/27/2020;FALSE
925;Xiaomi Max 18;Xiaomi;12.420.823,00;16;128;5.5;108MP;4500;Android;2;11/29/2020;TRUE
926;Xiaomi Max 19;Xiaomi;24.572.446,00;4;128;6.4;108MP;5000;Android;3;12/13/2019;TRUE
927;Xiaomi Max 19;Xiaomi;8.635.712,00;16;128;6.1;64MP;4000;Android;3.3;5/3/2021;FALSE
928;Xiaomi Max 20;Xiaomi;8.671.699,00;8;512;6.4;108MP;6000;Android;2.4;5/4/2023;FALSE
929;Xiaomi Max 20;Xiaomi;8.821.294,00;8;64;6.5;64MP;4500;Android;2.7;6/14/2023;TRUE
930;Xiaomi Max 21;Xiaomi;13.963.423,00;4;256;6.8;64MP;4000;Android;1.5;8/24/2023;TRUE
931;Xiaomi Max 21;Xiaomi;7.767.626,00;12;512;6.4;108MP;6000;Android;4.5;10/29/2022;TRUE
932;Xiaomi Max 22;Xiaomi;14.451.135,00;8;256;6.1;48MP;4000;Android;3.4;7/13/2019;TRUE
933;Xiaomi Max 24;Xiaomi;17.203.595,00;16;128;6.4;50MP;4500;Android;4.3;9/10/2019;TRUE
934;Xiaomi Max 24;Xiaomi;22.483.365,00;6;64;5.5;12MP;5000;Android;2.8;2/21/2024;FALSE
935;Xiaomi Max 28;Xiaomi;2.509.727,00;12;128;6.8;48MP;6000;Android;3.2;3/14/2024;TRUE
936;Xiaomi Max 29;Xiaomi;14.095.432,00;8;512;6.1;48MP;4000;Android;3.8;8/15/2023;FALSE
937;Xiaomi Max 9;Xiaomi;12.963.591,00;16;512;6.1;108MP;4500;Android;2.4;2/14/2024;TRUE
938;Xiaomi Note 10;Xiaomi;18.099.719,00;8;512;6.7;12MP;4000;Android;1;10/4/2021;FALSE
939;Xiaomi Note 11;Xiaomi;3.400.434,00;12;64;6.7;108MP;4000;Android;4;6/1/2020;FALSE
940;Xiaomi Note 13;Xiaomi;11.559.235,00;12;512;6.8;12MP;5000;Android;2.7;10/23/2022;TRUE
941;Xiaomi Note 16;Xiaomi;12.326.361,00;12;512;6.4;108MP;5000;Android;3.6;3/23/2020;TRUE
942;Xiaomi Note 17;Xiaomi;24.092.656,00;4;256;6.7;48MP;4500;Android;3.8;10/17/2022;TRUE
943;Xiaomi Note 17;Xiaomi;12.560.660,00;6;512;6.8;48MP;6000;Android;1.4;11/29/2020;TRUE
944;Xiaomi Note 18;Xiaomi;3.797.812,00;16;128;6.8;50MP;6000;Android;3.6;3/7/2019;TRUE
945;Xiaomi Note 18;Xiaomi;8.785.589,00;4;64;6.1;48MP;6000;Android;1;4/10/2024;TRUE
946;Xiaomi Note 18;Xiaomi;16.961.787,00;8;512;5.5;48MP;5000;Android;4.7;10/20/2019;TRUE
947;Xiaomi Note 18;Xiaomi;23.502.316,00;12;64;5.5;108MP;5000;Android;3.3;12/21/2021;TRUE
948;Xiaomi Note 19;Xiaomi;14.507.246,00;12;128;6.8;108MP;4500;Android;3.7;12/21/2021;TRUE
949;Xiaomi Note 21;Xiaomi;1.841.971,00;6;64;6.1;12MP;6000;Android;3.7;8/5/2019;TRUE
950;Xiaomi Note 21;Xiaomi;13.519.693,00;6;256;6.7;64MP;6000;Android;2.9;11/17/2021;FALSE
951;Xiaomi Note 23;Xiaomi;13.305.789,00;4;512;6.4;12MP;5000;Android;4;8/1/2023;TRUE
952;Xiaomi Note 26;Xiaomi;10.910.184,00;4;64;6.7;50MP;4500;Android;3.8;4/10/2022;TRUE
953;Xiaomi Note 26;Xiaomi;4.712.132,00;6;64;6.4;64MP;4000;Android;2.2;11/20/2023;FALSE
954;Xiaomi Note 26;Xiaomi;6.603.944,00;6;512;6.7;12MP;4000;Android;2.2;11/25/2022;FALSE
955;Xiaomi Note 26;Xiaomi;22.410.487,00;12;512;6.7;48MP;4500;Android;3.1;10/19/2020;FALSE
956;Xiaomi Note 27;Xiaomi;1.722.987,00;12;512;6.7;48MP;4500;Android;3.9;12/5/2019;FALSE
957;Xiaomi Note 28;Xiaomi;24.039.907,00;6;128;5.5;48MP;4500;Android;2.9;12/25/2022;TRUE
958;Xiaomi Note 28;Xiaomi;19.172.150,00;16;256;6.8;48MP;5000;Android;1.4;3/15/2023;FALSE
959;Xiaomi Note 6;Xiaomi;3.564.421,00;6;512;6.8;12MP;4000;Android;2.4;11/21/2021;TRUE
960;Xiaomi Note 9;Xiaomi;18.215.765,00;12;256;6.4;64MP;6000;Android;2.1;4/8/2024;TRUE
961;Xiaomi Pro 10;Xiaomi;24.004.211,00;6;64;6.4;48MP;6000;Android;2.2;2/23/2020;FALSE
962;Xiaomi Pro 10;Xiaomi;15.532.190,00;16;128;6.5;48MP;6000;Android;4.1;5/22/2021;FALSE
963;Xiaomi Pro 17;Xiaomi;24.709.767,00;8;512;6.4;48MP;4500;Android;4.5;8/11/2021;FALSE
964;Xiaomi Pro 18;Xiaomi;8.777.003,00;8;64;5.5;50MP;4000;Android;1.5;6/23/2019;TRUE
965;Xiaomi Pro 19;Xiaomi;14.696.451,00;16;512;6.8;64MP;6000;Android;4.8;11/21/2022;TRUE
966;Xiaomi Pro 19;Xiaomi;7.233.255,00;6;128;6.7;64MP;4000;Android;2.2;8/13/2023;TRUE
967;Xiaomi Pro 20;Xiaomi;22.884.761,00;8;64;6.8;12MP;6000;Android;3.9;9/9/2019;TRUE
968;Xiaomi Pro 21;Xiaomi;16.239.610,00;6;128;6.1;108MP;5000;Android;4.1;4/4/2021;FALSE
969;Xiaomi Pro 21;Xiaomi;23.834.566,00;12;512;6.1;50MP;5000;Android;2.3;2/11/2022;TRUE
970;Xiaomi Pro 23;Xiaomi;2.229.648,00;4;128;5.5;50MP;4000;Android;3;3/15/2021;FALSE
971;Xiaomi Pro 24;Xiaomi;1.672.124,00;8;512;6.4;108MP;4000;Android;3.5;12/23/2021;FALSE
972;Xiaomi Pro 27;Xiaomi;23.735.377,00;8;256;5.5;64MP;4500;Android;1.2;9/21/2022;TRUE
973;Xiaomi Pro 28;Xiaomi;19.509.456,00;16;512;6.8;108MP;5000;Android;2.9;1/4/2021;TRUE
974;Xiaomi Pro 29;Xiaomi;17.070.709,00;16;256;6.8;50MP;5000;Android;3.2;1/24/2024;TRUE
975;Xiaomi Pro 30;Xiaomi;6.801.592,00;12;512;6.8;50MP;4500;Android;1.1;8/10/2019;TRUE
976;Xiaomi Pro 8;Xiaomi;3.831.230,00;12;128;6.1;12MP;5000;Android;4.3;8/19/2021;FALSE
977;Xiaomi Ultra 10;Xiaomi;20.617.618,00;8;128;6.4;64MP;5000;Android;1.8;2/8/2024;FALSE
978;Xiaomi Ultra 11;Xiaomi;13.832.487,00;12;256;6.4;50MP;5000;Android;4.9;10/10/2019;FALSE
979;Xiaomi Ultra 12;Xiaomi;10.449.575,00;6;512;6.8;12MP;4000;Android;1.6;3/28/2019;FALSE
980;Xiaomi Ultra 14;Xiaomi;12.797.728,00;12;128;5.5;64MP;4500;Android;3.3;3/2/2021;FALSE
981;Xiaomi Ultra 15;Xiaomi;10.126.023,00;4;256;5.5;12MP;6000;Android;1.3;1/1/2019;TRUE
982;Xiaomi Ultra 16;Xiaomi;14.824.399,00;8;256;6.4;50MP;6000;Android;3.5;3/7/2021;FALSE
983;Xiaomi Ultra 18;Xiaomi;20.662.668,00;8;128;6.8;50MP;4500;Android;4.8;12/15/2023;TRUE
984;Xiaomi Ultra 19;Xiaomi;11.064.818,00;8;512;6.1;64MP;4000;Android;4.2;5/22/2019;TRUE
985;Xiaomi Ultra 19;Xiaomi;13.360.094,00;12;64;6.5;108MP;5000;Android;4.5;9/29/2023;TRUE
986;Xiaomi Ultra 19;Xiaomi;16.720.118,00;6;256;5.5;12MP;4500;Android;2.6;3/1/2022;TRUE
987;Xiaomi Ultra 20;Xiaomi;6.867.923,00;8;64;6.8;64MP;4000;Android;4.4;4/22/2023;TRUE
988;Xiaomi Ultra 21;Xiaomi;1.681.883,00;6;256;5.5;108MP;6000;Android;1.8;8/5/2021;TRUE
989;Xiaomi Ultra 21;Xiaomi;16.823.532,00;16;512;6.5;50MP;6000;Android;4.4;3/18/2022;FALSE
990;Xiaomi Ultra 24;Xiaomi;14.489.528,00;6;128;6.7;48MP;5000;Android;3.8;12/19/2019;TRUE
991;Xiaomi Ultra 24;Xiaomi;21.791.061,00;8;256;6.8;12MP;4000;Android;1.1;5/1/2019;FALSE
992;Xiaomi Ultra 25;Xiaomi;24.946.717,00;6;64;6.1;50MP;4000;Android;3.5;1/23/2021;TRUE
993;Xiaomi Ultra 26;Xiaomi;21.276.331,00;12;128;6.8;12MP;4000;Android;3.6;3/18/2022;TRUE
994;Xiaomi Ultra 27;Xiaomi;10.816.378,00;4;64;5.5;50MP;5000;Android;1.1;9/14/2023;TRUE
995;Xiaomi Ultra 28;Xiaomi;21.661.360,00;4;512;6.4;12MP;4500;Android;3.8;1/22/2024;FALSE
996;Xiaomi Ultra 29;Xiaomi;5.711.486,00;6;512;6.1;64MP;6000;Android;2.2;2/16/2019;FALSE
997;Xiaomi Ultra 5;Xiaomi;8.209.176,00;4;512;6.8;64MP;4500;Android;3.4;3/13/2024;TRUE
998;Xiaomi Ultra 6;Xiaomi;22.461.611,00;6;512;6.4;12MP;4500;Android;3.7;5/15/2021;TRUE
999;Xiaomi Ultra 7;Xiaomi;9.979.176,00;6;64;6.7;48MP;4500;Android;2;2/6/2024;FALSE
1000;Xiaomi Ultra 9;Xiaomi;22.493.489,00;4;128;6.1;64MP;4000;Android;4.9;10/26/2019;TRUE
;;;;;;;;;;;;
;;;;;;;;;;;;
